{"version":33,"hash":{"type":"Buffer","data":"fPYvAZ7qeTx3kPs2WcXyTFt5MEIHe4dc7IrQ0zPc8CdLaxWYXMGfq767tpQl19jv6TEj2a8GsQjjqc36KkzONlIXAK4c8L5bNyzib31UdSAYj2QfeiPdsxJkR7DtNSYFYwaTKESFDRaYeKqK5RXNPCd2/OjTqTXlnrWeWDdrwAk="},"indexValueMap":{"AFUy3UEvbaKr1RpqPzuYmrl+dI6VSWRqLVoC8lCrcb8=":{"valueMac":{"type":"Buffer","data":"c1aeSk1ATM6bx8G/RAvItw1U55ZT6cCLsUGFh7QRygs="}},"AG4gTmqECygNuZNQOsUvkq8Me4JI0Bi1cjQEfDC9ivg=":{"valueMac":{"type":"Buffer","data":"Z8l/nVePE+WlTHT0e6iSHeUdwJ5sp5kaagXwKuxJjjw="}},"AJ+JGBqtdcjxrqSqxa+gpjXuUxby5SHnT3sfVUc2w7s=":{"valueMac":{"type":"Buffer","data":"azCNQEuf7lZeaSihEGOSs5u8rOhuYN2V6JPWvnJHTCA="}},"ATG1Me7mcrxyUjGfyf2HZ07Jhe526na5RpMX31GZDl8=":{"valueMac":{"type":"Buffer","data":"e8Aq4P+sscEyXxFvDn0XFxYe4xWTQuqKUYjhqg7cZ5A="}},"AX4QZYR+ukvArMsxSOtjCnvjSlPPsJr0fsLJf50JopU=":{"valueMac":{"type":"Buffer","data":"Pz9LP5ojDsbDaP0zDvTpsTKwOjKpg3JZTStGWaQVmu8="}},"AbclybxSkAQYu5oPJfLpFuxUyZ0BbHSkPdsaIQZEp8Y=":{"valueMac":{"type":"Buffer","data":"IOEx6RNimkNqQ9HkbAkBnHrNjYFjA/idYVENAS2evmA="}},"AeA9X4Mo2Yg6EZZSyBB4RUrdjtQaIj/FnyVRk6OVywQ=":{"valueMac":{"type":"Buffer","data":"fexzLwBro67AT53LP47I2ekQawICNEEeuLynkmyCgxs="}},"AjkIcTJFk1GZofNQEc5GzZJJE/jtKMRZx+QZ7IqPx8o=":{"valueMac":{"type":"Buffer","data":"anZkLUfXy6qM9N504XDHcN0h6Qs561jLGq73X4OJFyo="}},"Alxd53A23vgUimhZovsdGYP0d8wz2ghtlwt19YHKWnk=":{"valueMac":{"type":"Buffer","data":"OLxhdZM0azBXJ+idXe6FpWrFzbZRFs7DQkfTSac/ryU="}},"ApaNDNh0S/npU0SbApv+Ia/dO5pVLcLqf8NyY1Tc3qw=":{"valueMac":{"type":"Buffer","data":"XnmNFHD5UBCRnu+F7exlw6lcqW/ewVQ9KRsdK/MR0Ng="}},"A6wyAxuIB1EJmXz7seVI5fSShxVaJBw4E9a8MBFzvCs=":{"valueMac":{"type":"Buffer","data":"LIT19R5nonWmsc57DPyt0BK9lzx+REdc+ie7RKqTFmk="}},"BIrOkrl2CVbfIKnNDS1JcHHa1OqIxVs1yJuAddM6+/4=":{"valueMac":{"type":"Buffer","data":"RLRRCxtY8hBP2MxjsLvJvN9/0C9DiBnFoyDSQ2JLbXQ="}},"BSiwpgJvb34H/EzqV0W0iEhI3QP/fRC5IhfqTfTLUCI=":{"valueMac":{"type":"Buffer","data":"Eu2OWLs14/kh8bqasEKJdzALocZRksZhBKYfPwt/a8E="}},"BdrBSq3CtCU3PymjHiqdm2+qxThk5T27y8XNHW7Tlr4=":{"valueMac":{"type":"Buffer","data":"FH+U9QXarA879GcrXiSWThbETUvjnVvETEX68Zg9UnY="}},"BiW5rSluXCpgkQ0XagpE6EtEJkpPX7vWbQR/mhQ9DKY=":{"valueMac":{"type":"Buffer","data":"uoBxADNAkyLiJH9K9lVdQgTdJD04SdTxnHgD2bxQEdQ="}},"BqTYy2fY+SZT669JgdbmTsV5CI3+on2zhwWhy/vMl04=":{"valueMac":{"type":"Buffer","data":"Mly/DjuevgjJOCGyIDsPwOXI/mKEHmPFROVkLZOD1c4="}},"BwPVHPG7gkawoQSBpKwQmz+A9+VO95FzXgvVDms9TJk=":{"valueMac":{"type":"Buffer","data":"PadTAfTOGr9VKr2U8Ius6RYvQOTjiAQIAB48Iv/Rl3A="}},"B6ynoKHuUBvdAD42X+ZqQLBiyAzVGDw9WNuG2Pl8FeU=":{"valueMac":{"type":"Buffer","data":"pjm0Lj8hbMSiN8OArdRCac0BbWHWrIDzD3W3kNi5dDI="}},"B8SCHapduy7KMC9OLI9pDosmrd/LrUbMEGLDJLX4Wnk=":{"valueMac":{"type":"Buffer","data":"m3tzXqJx2i0cLxToG6x9b1p82dc0a82g1o4pYp9Y9QM="}},"B/j86i7Y0nZMkrVx1PGhISKzBwrMMYTvj+KjNwG1pUo=":{"valueMac":{"type":"Buffer","data":"fiVli4FGc6nDBNt9goVD46LM28fMlsmIvaKtknnzZAU="}},"CE4FnL2l08wgiEfBJPOpyMpLBXVajLW/BSAMykWw7Y4=":{"valueMac":{"type":"Buffer","data":"2sEIfULfAkP7cnFg5/UUI6AD/Ej4K3hZBBedIdL+Q7s="}},"CI6Pw6BlvMMP/7Yg2ecJ3xeyLL73aGnc6SZ8JZXaNK8=":{"valueMac":{"type":"Buffer","data":"+B3PxvYNUIcKmHexGZX3Bvax2arWTaN6mfdKKC4k1F4="}},"CNEzJhOso7ZkC/md+gHuoF6cqxVuOrS01aOhlC83lwQ=":{"valueMac":{"type":"Buffer","data":"K9jjsA5CTiVwnHZcOdeGaffmOCZCxTAU72HGrU9JeGI="}},"CQto2jMqMWbUvNeEarrWFsZHRziX3pF9JLRJU15mGrI=":{"valueMac":{"type":"Buffer","data":"0Osu5ilsZBRPwB9+aCpd0GK4hNyowUHOcc9LJVjCbOg="}},"CRGp1X0akzzzw45dPKzQ2agBNFzk/Tx0rVmGbaEAxUw=":{"valueMac":{"type":"Buffer","data":"OEoD6osRYbQKqsUHzv84ZU2TeZ9wXwrZ0D61PBXWkjo="}},"CSdeAtpTVsi9sxiAPHwXRFQnVlxHMCYrkZtQoWjpM2M=":{"valueMac":{"type":"Buffer","data":"wd+xE2P4G9NH8YrqZ0G9invOloOcGotleTaOr1Y2j+E="}},"CZjtA3kUODnbANvmBgqQgvtBKz6S3OJfZgA0qvfgb+o=":{"valueMac":{"type":"Buffer","data":"7zmHXZ92Q1W8a2a6AHw/PI7oy37+JtVeH9R6MQcI2ec="}},"CjCAh89lIdj5pUkF1WdFyzUrmpq6mL25Rk1LvPrOmao=":{"valueMac":{"type":"Buffer","data":"Vm2Ps7gUpn7ZGVj5msvJGCLszOTJqVHFUdQXxdf2vEY="}},"Cjwi9iEqTb09RYtdAtGOnQ6XfZDvTjZkU8d3sOxFMpY=":{"valueMac":{"type":"Buffer","data":"1LziJq8hFtx2/kxVWp8Z1U8/9x/KF/1GefarGc51UZ0="}},"Cu99nRIOQ8KKr139pN7kU9DvsX5yEV1pLoJEEkJZf/Y=":{"valueMac":{"type":"Buffer","data":"BDE1EpSUp9wp/N24SYoNqAxMisXR/nQCTikLLYZoCtI="}},"CwwxX0N6KmiZw2VI7pgebOzsxCJwTEv8CkUfZjofvzY=":{"valueMac":{"type":"Buffer","data":"L9mlG5R3id0tTNRbPjalvF0s5dgiko1NqObtx+NE7xY="}},"CyPcX43MH94u7fxiG5uNevwCrCJ7+64XhEfxc3Zy+0o=":{"valueMac":{"type":"Buffer","data":"L5R96GZhQ9i4pcxE4il6Hb0mlUvdVdlkaTsoGhY5LAc="}},"C5cTHyCYUQ2cOhoLcbAX+cE+VjxymE7NNo0PPx/6eqc=":{"valueMac":{"type":"Buffer","data":"roX2u2QgZZ0lK9nrSNiBmzm5RbXddKDxEJ29mHWXHAc="}},"C5/cctrllm2a7aF4l47gudj+jTHf1dU6ads4iuIO5iY=":{"valueMac":{"type":"Buffer","data":"mVKRnS36UUWBgxnXTy3RMx0Ip+DXrl1NOIo/cKZG8Zc="}},"C79zowOITTwjoT/Ob72ytBje+YIGf5jyTrscqgoUKk4=":{"valueMac":{"type":"Buffer","data":"FD6kOWoKVpUHz/a4cjbo4/fVbBqAzyvjiA61oBlxFWA="}},"DKpO54LY7FCcj7AepX0i1wP5ReNqWcAMPKM8Xtz+b3A=":{"valueMac":{"type":"Buffer","data":"5NiaXmHOyUm1mRl6gPxXgiCUa4DtjswLLz9isKkxfLY="}},"DLRU6XMJ9+mCxVjy5r07d0YlPUUXjmzyOzNbV7rxIRI=":{"valueMac":{"type":"Buffer","data":"fOuodY2daO0180G50iDdvNMzPaKGYuwB5Y2veoF6OTc="}},"DavhNEJYAHyEgmkMqC5mFXZ7Id1I3HeyXffEU8ZaeIs=":{"valueMac":{"type":"Buffer","data":"hxmchVSluh7uzP/1Nc+Wz3B3G0yYRnoPuIdQ4OmsG4U="}},"DcniPEJF4OMRcQoU323OeU6jLg7gQe3XOxLfHsyhjBI=":{"valueMac":{"type":"Buffer","data":"9MZa8zaV6mlXD59WSTXgPf19ZWKrx3z5sC1EzhsrALU="}},"Ddh/J9YzrjswLIY8YzG8pvtc6EbPHgIL2mynwpenRsY=":{"valueMac":{"type":"Buffer","data":"NMbTaPlvWVM8E0PWvxuP+ZLv93IUn5rUNRw9nnIVhQs="}},"DfPrJQi0Dzaskn4M+Ijj7MzAMhvUKqLe5R39LkElAUs=":{"valueMac":{"type":"Buffer","data":"ENJAYeZ+BsBA8z9/GxsOsPoSHaz6jnYj4YZIsYLcczw="}},"Dg7aLeTlaQSC/EzxO2NCXk6D1//Zt0fM/Il0R4eVce4=":{"valueMac":{"type":"Buffer","data":"pRodiFY6pISG8PjGW+u+mxKve9gfOcxYNLuaXxJ3BME="}},"DqwfX/dvVSYFIXdqKLDIHauBCYwX/Obyv2RknxCpq7w=":{"valueMac":{"type":"Buffer","data":"O5tYIZr+uEe2IJvNGEwGlgEj/mDJZODzWbU7Pp1yQ4w="}},"DsZoANw61AnPD37+aI8nfxFlWfR1iSiS9NqJqEurz0c=":{"valueMac":{"type":"Buffer","data":"IbXIvVzojNyTjC3QmAGkJzdUNQGxusn9Hqa9Gx32M7o="}},"DwBo2qprqblqtIjXgdzPa3Hx6iVh1CJ3S0uoznTG8fo=":{"valueMac":{"type":"Buffer","data":"AGeKTlnOZlt/sWdf+nx4Oc0KxCow+XivMZtyhTGBEhE="}},"D5a/6LfMSyIx7uJMVF7cHYFEOj78SHflpX6TK3eWuKA=":{"valueMac":{"type":"Buffer","data":"xd+HBdEIzMXlhSJ5QcJaui7O1KoJI5XtuYjtawN9+3w="}},"D7JMaqpiwKzcg6xbC2xEEXPVfyMXcXwKboN1oseDZdM=":{"valueMac":{"type":"Buffer","data":"92IHL19lWSp2qJYBAAoEIZj1Bsz45PO9/oNG75c4kCA="}},"EBoYhSFiLbCdjNoQLxjzshQLtMe7tVWMhfKXXaxKSaA=":{"valueMac":{"type":"Buffer","data":"kkIkm1+mzeRFQKX2EwFBybu8o4FeDeDqtpTlPJsuDIY="}},"EEGrcfzFxNlowFxaTDATJjsDviCTeZCRIh/YN8TSKR8=":{"valueMac":{"type":"Buffer","data":"Df2bydEefa5z6RZqj4lXXT1KtrNsAewKgIGK0qdm7LY="}},"EE/yc0AB+Two40RuqcGQ4Yff83cSOAfhR4q83Pb/wFw=":{"valueMac":{"type":"Buffer","data":"q/dBpeNIY4Xdjpo6ziQjVAjyHJSRWibA/1UkLJJzIGY="}},"EL4xH1rV+s5wrMogiPXpFkx+wRR+RcgzMHi7Pl2JGsE=":{"valueMac":{"type":"Buffer","data":"ST0hHN3X3rOTIJpins/JZIQ7xJs3gmts3ypqmeb6F+g="}},"EM037plz3QJedsVVlrDpvNG0IPUubFP6iT2qjaQ9pT4=":{"valueMac":{"type":"Buffer","data":"nyn66xhDZoE6y1ROLDx8ZvPo6GVLQoT9xyim+ySOhMg="}},"EM3P9G/Z5aIzVhceK10tFizdFIcTMWI9OmgEtt5cnzY=":{"valueMac":{"type":"Buffer","data":"X2zMnTogp6rc0IiUh01m/g/UYUICenplztFJAjNGxAw="}},"ENT/AitmvNrZx3jv0TgF7rfKblkYUhUXFlHxbJQbydk=":{"valueMac":{"type":"Buffer","data":"VMkQGhqVoLLUvUK46b8qg8JRzrLJi7KqRsKRKY5SRQQ="}},"EOPkO20WJP533C0vEgXwSSL0N7alWES84TOgn4irUnA=":{"valueMac":{"type":"Buffer","data":"iBj8eCVippTIvm6N51EUcFL557RmiZu3rzBvtRV1fb4="}},"ERfH0XYSTxK+cHVkM7rzvBLMuQ0o0aRLhyyd+bo1LLo=":{"valueMac":{"type":"Buffer","data":"RIoFZBn+odxKm8HGT+saXwTrcfR7rV1Is2wAhpEZy1A="}},"EmR+O3pUqNJHbcT/o8DHR3k5op5ym+zis3dIqc6PKi0=":{"valueMac":{"type":"Buffer","data":"0H+zbnqySmbg6zPq+x9omK16auWyIRyoQi++2R9+0QY="}},"EraacskqNw1rcbtFsGxtxGeHCb7JqWHO1nKKKXe8SMs=":{"valueMac":{"type":"Buffer","data":"jwMTInqF8TvNpfd+wffgcDuPsenxq4CZZ9x6IbBWbt0="}},"EvkHdGL5ArutyjokGAHeLXHn7QT5Hnn0UEkgf2+3vqE=":{"valueMac":{"type":"Buffer","data":"zrl7xlBbn0fD4kifNcSxU4gMy1rXIACs+CcC+DxPvEw="}},"EwPKBMAzB/S30CBWuQgOLWQFhhj1r+sQQM9lWnD8bo4=":{"valueMac":{"type":"Buffer","data":"j1VrbBAziFnZXxd6SWtc3fbbydDJ9Cej2WE3hVX+H44="}},"E4VPzMLsUAxOZ66PDHq3GMQU1awZRtsgihVEp52JnSE=":{"valueMac":{"type":"Buffer","data":"jMszYmLKUdsoiTV+YfEiRhiYszhfi4VtY6SOaE7nIOM="}},"FC5WQvTLiGQ2XyK+E7J4woYQuFJpm92ajFUqoPXtf8U=":{"valueMac":{"type":"Buffer","data":"q4qbp76P5P4Kwn53XVEF1X9zh2MVxden+toBznA3SP0="}},"FGjCrKoxHl2mk4dmbpVJ+Vmpknb+M9vs/OxaJ88r7Qw=":{"valueMac":{"type":"Buffer","data":"ArZskHVB9jo2gi7zKOLzQGUGDGiAtbNej+AI1V574Aw="}},"FL/2c3CnL+JjYFDhi/q7a6JRSuSADWoAhT4UFHhV6cU=":{"valueMac":{"type":"Buffer","data":"cOebaBuQONLSav7uF4aeBZElNZQEGhEXwjArnyJRTPw="}},"FMQcRFPPqtSvQ2w5j/qNHb7z+y4f2PtzUydsniGKkPI=":{"valueMac":{"type":"Buffer","data":"sDamcYlAQlgKBaYKt7kjDJt1mlx0ww9AAaNhk9lcTJs="}},"FSvXChBq2HbCtPq2gvpJdQgV2Dc6QLysZB/9hGUJCYo=":{"valueMac":{"type":"Buffer","data":"rQBiCd8pipegtFH0Soq+5d11Njf+ji8bfBneFoHTZSg="}},"FTd1EJHYacDFNMDP3kFTAfWBfMw/8f9YWqetnfQYGK0=":{"valueMac":{"type":"Buffer","data":"e9Mk5yWQMXs/4dxpXh7SstlQPjoI5iVgRXmkG3ZDrQI="}},"FivHyk6iYWECwpKOwmU3fUrOSGsnxuUGntG59ulVSMI=":{"valueMac":{"type":"Buffer","data":"Ssr2sZrEnbzEssKDrbaSbrxynXcQOv3lGdraAe0b+Fk="}},"FnW+MQbH1k2mVdND45x+UC3KV+gOx6kM/geth8w4SKM=":{"valueMac":{"type":"Buffer","data":"IddnG7jdlfYonEb5f+ebcznXTzAjBId0ZmX+hXP4q8Q="}},"F3gxGBz4KOjwsJ7TcLCw49P/1LCXeLfsT9moY/JR8cY=":{"valueMac":{"type":"Buffer","data":"QfyXiM312JJHWfkFW23gVxjILobxeKqFjliUL0Ns86c="}},"F3mF2goM6OoWPY/UAYPLoJRENLHy5foiMIRUv0X+Yx8=":{"valueMac":{"type":"Buffer","data":"D1LyVOb5cxRURWDcnUZTEZDxe+BeIcF9vcOFeHYT0Hs="}},"GFIokfdMcyvBkeFmmhhTPJpOaLd2LFoxfICLRGfcZ3Q=":{"valueMac":{"type":"Buffer","data":"WJVNU/zCB5IT9e/WRTZRMxKDAKXZII5MGt6ys3EcTpQ="}},"GFeOZxA2HrHqFRGuYLc1zbeQy/eH4ZiHNXFXRl0Lpn8=":{"valueMac":{"type":"Buffer","data":"sFVgYb9qbPNKP0do5o9dc9A5WaxOUVJz2ggAfmtA1uE="}},"GHaIn0aKvcRimC/TpHZ7W0lBseYYObkAbYho+c8SYeg=":{"valueMac":{"type":"Buffer","data":"6QbMb0YCtu6iU8xXOJFo0X4UknM8iuSlwSFTSz99AEE="}},"GKrYfNhmYClt5eMkan40vwBI6bn/pze726yHMyzQS84=":{"valueMac":{"type":"Buffer","data":"Ipo14y439ZVXm8tK3+yt9sZfvK9+hhYfMhC0+cqGfwA="}},"GK7nkN8io8t6adwxC0BkeGDw5UEh8ITAlkiJ+hV5TsM=":{"valueMac":{"type":"Buffer","data":"OHcJOrGdNNMEDEcMplwKzmR45n0ul4Fjbw4u1x3vL1o="}},"GOcSq7442LXCThHFE/TmPf1XDqBkwYY8LDxWy7diz7c=":{"valueMac":{"type":"Buffer","data":"ynBCAFrsXkBpY+m33YGURgjQzIYLYtcsjgQ3gDESzcg="}},"GUoddPbVPLp21NepEDLgzNGzsGx4hPObjuunMwupD+U=":{"valueMac":{"type":"Buffer","data":"B+0kWvwpzqD54fEyBCTJlwRQbE3UMxf1V6LQrtLeLNY="}},"GaEO75FVs7iVwNUJpGxgldcyHMRriYRI1aOgZDrfxEE=":{"valueMac":{"type":"Buffer","data":"aQymgYTaH7RjpcCt4wNK3D9AYkMW+wXCr9R7FCx994A="}},"GgjvWjihcH8+wCglgky9lLkRsgc6vYKIh6u16bcPM5E=":{"valueMac":{"type":"Buffer","data":"qtdlpCycYArFW3UVtjZgsPpRRNk4hmV3me/0Lob+Gy0="}},"GhgUapmhNnRhTs6GptNKRWoCOFw4boSyMr4yzPdcLv8=":{"valueMac":{"type":"Buffer","data":"ws7NGTv9Ny15cU3Mk+XLLtwszZrP1R2iFForli22rCg="}},"GicZU+5LSK4RPpUwhYWM1T7ls91VdLlmTZhApdVkkFs=":{"valueMac":{"type":"Buffer","data":"V69mPKRIZ8g0X4ws3eip0ChxuR4s5Is8jjLpZvVlEZE="}},"Girp2Y3PT46NkiytkcoGSYf4csa7Mc7pyp1HsZ+cEN8=":{"valueMac":{"type":"Buffer","data":"nqW65v7RB+Gt5ldVXYQLV8AHIvIRHwr6V/wLW5/t0z4="}},"GuEPnZwBB49D7wIAfq6kkOX7Uw1v2sojAXnoTdcnLu0=":{"valueMac":{"type":"Buffer","data":"E8XWXGsR1kBfb4hJPPVg45EXHf0O+QfCzskRJRxbF9s="}},"Gy6zhS6CawCwhy5WZoJ9o1aARUpZvh6IE75N6ThgABc=":{"valueMac":{"type":"Buffer","data":"5ML3i+kpB3RIinR0jGWu1Mq09g5QSCNtnQCMt7Da6+c="}},"G5TdwN9lDqRywKEa/zLVFJ+l1Syn0Apwek8KBxl/zmE=":{"valueMac":{"type":"Buffer","data":"R72pty6xBnR8lDo2MJeCDaybSOH2k1G2ou7DIbZaEfc="}},"G/BMnKU85ocwJJMFgSeJQ5SSTKtCEgrR3Apgt9ybAH0=":{"valueMac":{"type":"Buffer","data":"JBGXx8OX6IP/ZbxEBMBhxfba9nFkha4HfqYDu9XUbKE="}},"HDpdi54A8tfBsl6zb1VEHoLXRwXTVpOWIfLR2naVX4Y=":{"valueMac":{"type":"Buffer","data":"qopctTyoS5eV556kyP/ZodSEvu3NM4yGU1Sub+mn+F8="}},"HOzsLEQIxueuat2aL3Gs3c4XXvhEjF+I+BVN0m5uLH0=":{"valueMac":{"type":"Buffer","data":"ewZ+Q18jVdmnZ9Ba9aFGKxNecF2pjPvfzGKhWBH2amE="}},"HPNOcbtaT2A+uSfrjH4/p1dJ+dburVC0VfmgZojpWBo=":{"valueMac":{"type":"Buffer","data":"FCVq75B88PKb6spsIvKsHqiulqquLTLjaZjUHqlM8SQ="}},"HPRTJLLinhAW1yMhwGsgykPgVQgHGBRayF3jRj6iHh8=":{"valueMac":{"type":"Buffer","data":"qmbhgZOsaP3LTwPyKEOC2y/4RTJ7jJ3FVnfdZt/pTsw="}},"HScKzC7QNpXn424wUqCkIheKNg8FZhS5pGCdZI1AAbg=":{"valueMac":{"type":"Buffer","data":"KUc+Ok7jeF/b8gC1EJ2c5Mpm+2ZC44Ku9iEQmeepVq8="}},"HT2coFrMvNBhylTFX/LbfNO1MNvmMokKRRbhawC++nQ=":{"valueMac":{"type":"Buffer","data":"T1fGhHQ+WrH7U5c8GR8x5Z2HThoaD2U4PgW1kpjdB8A="}},"Ha3dVJAXfLgaR/9a5pMUQ2PwIPOHhwUjcYOK/Kz25g8=":{"valueMac":{"type":"Buffer","data":"NHJcSUrxbM7vz7ZrSy66NTo+qRUbXg1M0IC7wi/7iTY="}},"HeP6rDOLlZy4LyeCQDyHeew9GJCr6QYDeoBz9Mp8UhQ=":{"valueMac":{"type":"Buffer","data":"VBmEUkDH+nxDIcIIxzavKW7Un0OkiwOO7ksxq0WuYcE="}},"HhH9PgmtmC0Kk28KQNaVzyx1JiXs0q89o/U6m6QYjmY=":{"valueMac":{"type":"Buffer","data":"SPvAmdWxANmSNdRQnuOAFwoMSWMXWtQXa2mteIBKTAQ="}},"Hq0nnqA+Rw4UvBX83uFiHQYwoP/IzH88E+RwAH6+XO0=":{"valueMac":{"type":"Buffer","data":"zv51UEIPJonfDFOOllxDE6buyRnveme/CFZlnvb4amk="}},"H1yxeXwIn0LhEFwhvJ6yWJt+nZm8gvp1The2Vu2rSf4=":{"valueMac":{"type":"Buffer","data":"s76WubYnd1iXcrV/Zy3pzmW4yGaJ/77J9KydKl05PAc="}},"H72UPjZwpYe0Kx5LL44VEm4tVKQ8ePbbI4p12KeuZd0=":{"valueMac":{"type":"Buffer","data":"T0jaR+MTHeaPUTNTFv/37EQEG4quPDX1gLcEkooPmeY="}},"IH3uiNEZYzJ9i9SP4Q3c5TiBQssvnYbBeOqew0/6xHk=":{"valueMac":{"type":"Buffer","data":"67TZWY4OBt9fWcq5AInRS1g03sqZ1NoVUkWyaN+G+Y0="}},"IJ+XYkkUT7Z3iJWyuOTkC7VgmqBSGkN4JYfVXDOr6l4=":{"valueMac":{"type":"Buffer","data":"gUSiKqHH+FhxMIS95H2D3n3tZ+mnlQp8uOd5fF7nKww="}},"Ia343SSoSDDBORJuTS3VZ3GGNbESztb2cJG54+KqiTU=":{"valueMac":{"type":"Buffer","data":"nHhI4myJcFdrezl+brOQWRWpfnMJvvAC4hehAkMz8+o="}},"IkXr9vA65XT3/Sadb4JFqcRZ1xcV+iL6WyzdAypvWI0=":{"valueMac":{"type":"Buffer","data":"dsygWX9pESLW7TncKvaUTvz8rSNE1FDG5u7qt2wbLOY="}},"Iop4tUjFb+CWW+7ZX5IaoJZFkqvPBBwcmuSjoRDcG4Y=":{"valueMac":{"type":"Buffer","data":"fX01tJ4DAAuCh3Yg+re30K45jlmalTmwCX4SB4sYxcI="}},"I5JOl+hKDnk+6MLIB9Lu+AnLlwTm88a9YH11lt1VZOc=":{"valueMac":{"type":"Buffer","data":"CW4Ube2gUtHNi6JDUFpv4BsZYQs40UzLygt7phkv6Pk="}},"I581jiLFKrMJ2Mm8u47ZUlu2i0XRTnbJ/rvoLcQg8H4=":{"valueMac":{"type":"Buffer","data":"7qtvwHQ07NjR4UU73MU8ybFJO0x2hIHBivaNlmPPcjw="}},"I7S2viOK66Gce1q0r7hd/nkYnzFEXVB4jnKN+Reb8h8=":{"valueMac":{"type":"Buffer","data":"vCHz3T3ICOpnyS+FXsR6ZVGWnnD+a+hH4PZmqilfccA="}},"JDywH0B6s2j3p+/BJgIJ0F4llIclMZaPWWBKYqVElZw=":{"valueMac":{"type":"Buffer","data":"zWOB4GVRRJ6V2eXET4Jr3hBQNSFK5w4RO7zEPSCkCsM="}},"JQRKQxOlQhTFz3xMYblchb9Sw+AMHtImD1abX4hDDmY=":{"valueMac":{"type":"Buffer","data":"iRKE3S5bibP8aX0N7d1H0hze1D25X40Thda7HTO71s4="}},"JSuezY1KgwiE967oSY9J3SrMcfCmchS2ftFBd7FIw3s=":{"valueMac":{"type":"Buffer","data":"vT5UGu6vXXAAqMQjuUSq63fDF5pCpolrvNf7Bj9303M="}},"JW0L/Mxjp7MZ5l+EoTYGU5ivcUmp21Rte9Gw9fTJW7o=":{"valueMac":{"type":"Buffer","data":"LEpbmnfcRWTRJPwB29u8UCYfPNSpjxQOHEfv/KroRgk="}},"JZY80KWlPqd8Bkz9xOvQ63N/va9LyTld3U+sytsYGAA=":{"valueMac":{"type":"Buffer","data":"oeG2B2uVxCf4Vb3/tcsGcgAIgo8z8vXH1ndTGD6/pBI="}},"JegzdTnaSiD2tf8zcUUZ8MCONedLKFjt1fOqourld2w=":{"valueMac":{"type":"Buffer","data":"XULJfuas3U/xnGMfTDLrJr7OjFxoGGA416p9+IgG+fI="}},"JfU3NYPPg6tuV5Psja4va5RsBQslyW5fRWMxz39wn0A=":{"valueMac":{"type":"Buffer","data":"tsorL324mTCfNMN93TjQfvJm2LtFifglqcHgNo0NEvw="}},"JieYdi5Oxnu+rQwjDm8SurX7hBpYoZ733r1Rm505eXg=":{"valueMac":{"type":"Buffer","data":"rSeh7ZTDXkkE40EEEbKHWHP7dl4ozSGy6cqRT9SA1U0="}},"Jikl4lkN8vxjEhqWwJawC+kh3sh6MZH94a/T4zbKs9w=":{"valueMac":{"type":"Buffer","data":"QpA7oSto+QtTic85Y1aSEosvlRSxnGGMRHoi7YhXVJM="}},"JlxvQPBuzUFNHlDh2s9neVPsDgCKeRZc3CPUHZRuuGo=":{"valueMac":{"type":"Buffer","data":"lS8ZwSTkhRm2vXuWRYLMyO4wR6TVZwQVdPCVpYwEwkk="}},"Jt0SKbkoF4nbdlw1fl71lFvyScTbhSe2haMfHLZuDjA=":{"valueMac":{"type":"Buffer","data":"XIaua5E/frwtGL7GcbYo3BaNGLT/Dv4PCpJ3Jj1Vip0="}},"JvHY8m70VCi4mPw+DvXlek9yB7Xd/6pt+B8ROdDGfPc=":{"valueMac":{"type":"Buffer","data":"ABZ+ymxW8WbVGFi3Ot4iS10YuIu2zay+MMxLbo6ya4Y="}},"KEMDi+f37xdV0UpbVScp9oF8sV+yuV+gUtanhwEJBgs=":{"valueMac":{"type":"Buffer","data":"i0OxAyTqbpNQdKfnYreYQQyoGXDWZElVGaowr633WwY="}},"KJk8i+vCv4QJovz4fyT4myLzbmJc3b+WQUr1iVYocTY=":{"valueMac":{"type":"Buffer","data":"+p5qsJxQHFbivAcbNHV6OJrIQ4J3otR/N15qc+zwk94="}},"KKZd6UdZD1mdxeG8sT3gx69Liyq4+Q08LnTqiafcsRc=":{"valueMac":{"type":"Buffer","data":"FbxrSI0B6kGbnbwxo3HnkuF43YLQP+QomiZGvga8i3I="}},"KQ5mucRGZfz6Mm4iT/mYKPy37inTsn8rIuO2wRHTm/A=":{"valueMac":{"type":"Buffer","data":"TZJqJrLk/7XO8l5dbeGZD3oEUbu5LsB7IEXLto0rZQE="}},"KRtDVAmm7aLRjS3uDvKNZjgisawZoRz6ZWsLkJKo3o0=":{"valueMac":{"type":"Buffer","data":"xxABTn/rRNxb4J/lzIW+ifakPMfF46WcRqILbXF+hxw="}},"KVj4q3QpDOnpExMMnCP8ABFB/Mohv5cUkibdLe2gifo=":{"valueMac":{"type":"Buffer","data":"yqql4LzoRcF5b+XsUGNv5Z2C8TWPbH46A0pcWjEtCqk="}},"KVnIuh2QTjmayXrfOp9LZJZpbv7iXnofz9c01fggXfI=":{"valueMac":{"type":"Buffer","data":"sRwezN/ttz7He6lZcwe2U6y8BKjks0UGGzx3L7OaBwA="}},"Km4K0+vo5rLObzvM9lAD7nPoNXHvs8Eq6g7yrXNQOGY=":{"valueMac":{"type":"Buffer","data":"tzuXelBJJgRlpHwaPbOQzRfvT/rjyj3TbBKaAw5W1wE="}},"K5aS1Y6gpGug1Gb+q29q1Vk8TBjlkXbgSra7pLUa2gc=":{"valueMac":{"type":"Buffer","data":"wLSKuaes9JnsjCrQqDXVEc3BilpTqpNvqanaUJrQkiI="}},"K6Fv2J1a/L/zDlDSL+F36fGGOZFzbGSMyT3xmiIL5uA=":{"valueMac":{"type":"Buffer","data":"cbUMY5c1N/gHFGTh71c/3kfFgx/wYhIAqZAXjXOrf/k="}},"LF/PFy5AEtunlohLNX22Lu+r0p/+OJFzgBfU3OHNMRg=":{"valueMac":{"type":"Buffer","data":"Vx8ij5LdKvnJJ31qPC3FP8MZzUKaSfDKJdf932de3Z8="}},"LGquA03NPpngSONMZMiRgEfLa3nB5X6AZ5DSEWBZoH0=":{"valueMac":{"type":"Buffer","data":"kndvYFcIPldC0AGo08H1PejkaOvoEqga9dSocM5W0fw="}},"LIwMcIW9pswYD63eBN5aqluxDOYQgDu2sKtrqGlIZRQ=":{"valueMac":{"type":"Buffer","data":"+ak7A/5TWC8R30HIfemZclmxBJpeScyJrLmmkPk6KJY="}},"LJegXtujbz//5c6TZwuNInTARtBAVEswaIGRBaUMsMY=":{"valueMac":{"type":"Buffer","data":"P89+0ruu44lsoVDR+0SVU70luQrFk+YNa7x4lOclzUM="}},"LLY8LmZhKYVrD6Njm5CaKqb01/1GUpReUIIIcwgZFJw=":{"valueMac":{"type":"Buffer","data":"UCtOu9nnsYStjCMlvLg5CpzyUBVPOpfmJEtO9aZ/quI="}},"LNxjN4ONxUB+RDVH7P2SwsP8exHpUQfeyd6zhFK8nmA=":{"valueMac":{"type":"Buffer","data":"cTLrxcjVhkt427zcgiiVog3Ug2HmFSaRPrr7EutYOL8="}},"LSf6eUXcAr24xtzu3bxbTCmwPJJVgLnJAc6beThPjTQ=":{"valueMac":{"type":"Buffer","data":"E7i6kWd4UHVb7y+uGqOabEy8vJkKX0jFd4pqNJ2nRnU="}},"LSq3GOsokwoMUpXwydoh+HTpsMt9cit0wxiSuNUmfQA=":{"valueMac":{"type":"Buffer","data":"YvjysEXmul08TOgip6zKSZnC23ZDVUHlVGD4YuQrgm8="}},"LcZPTwB2LZ1My49Ldjnt4CzhR8JVcAkZg1B1+FvKbrk=":{"valueMac":{"type":"Buffer","data":"/vGLyblh0rdhFaBTBSKqmOUd5hoxVkgcaIuUkm7xhfM="}},"Li/+kKIwMAo0RlFfh8U+fNidJf61ybd0GfmfCWIA2DQ=":{"valueMac":{"type":"Buffer","data":"i8Et6PFTYiBHuGZ1qQj3KbIeRd0c/gvKDMArOjHCmp4="}},"Lj7WUn5rnqbzg8cO+YrHipb1ddxx0LTCJrE+R1nWBPA=":{"valueMac":{"type":"Buffer","data":"+0oovMQ83ebiUG+YM5vI0qZpTJBH9DYALTL85jKjzYw="}},"LoB1sKD/5Xl3xeFiVF2IARtwNAY5RqAKonnVmWb1rnY=":{"valueMac":{"type":"Buffer","data":"vfNO2QPODBTeYiExXGiKVAGlvNDSjWFZyE6wymF7kho="}},"LssWFm/+VWrbLoUGySpSkm91jWnc6IAPKpJITJGqAi8=":{"valueMac":{"type":"Buffer","data":"XlC6m6qp5Ihl8jv2cxnSLTFxAVZViKxMQKHFVdLgMyE="}},"LzvpKVy8oM+dwHUlcx75/fpT66qtkB8VTbVWEtSR/30=":{"valueMac":{"type":"Buffer","data":"DiD6Jl2KntAHM6Hz0dR2rSRUniOqPCUiQcrfW9gcKTE="}},"L4aSH6wI06bAjNUCvD0/hHMsouH9APvz0Ad97MIq050=":{"valueMac":{"type":"Buffer","data":"W5/8Ek1y7kXRaEW0VFZMFBcZ2tGlqR1yo50m0qdohiw="}},"L6AHJopkxDYF8PzODkYrwEyn4ZEfoQnUVgB/AyJnbCw=":{"valueMac":{"type":"Buffer","data":"966B00Z+hZ1FFygUCgSvxIRprfBmHIBYQDrQ/Aw+LKs="}},"MA+JukOMk9xPls+omDm8d/TyrLyMiC2yyJjz9Dvd5QA=":{"valueMac":{"type":"Buffer","data":"bH/5L9tjIwFXUObkc4nWu+gK2Z8JHEklslKY+eTYqeE="}},"ME5munYx8jHDE2vCFqhpPcMSgnQJU++AmVEFvNvCkvQ=":{"valueMac":{"type":"Buffer","data":"pftZfTffq6vaSESq0Vwq+3JplRCXvmy+wHfx6x4Mmis="}},"MGaPUxsOGUAGAZC2jQ3gYtV8PHw3fPsnu1tqlKjBrYU=":{"valueMac":{"type":"Buffer","data":"6wzm8wRiXcPmMZQJiHuXKv5kK+YH+nZstqogX/7aGVw="}},"MRuerTzvFvuqTaWSj9KZ8MBf3nTVWtT34muO8v1EoRw=":{"valueMac":{"type":"Buffer","data":"SUvCq6q2NIpfG7aB/EsVQ2RMIojY9sKxtVCbSlKU+co="}},"McUkhD4afI8Vg3s/RO+38zjLxgfexzJM/q9hDSWcquY=":{"valueMac":{"type":"Buffer","data":"oiOkr3jUpR7SLg1FPgyYROHdP00n4eKs+VgELoJrUgI="}},"Mc61KC+2/iciFhDBmqo4P0zKQDXkW4woRI+Vn5ftnJ8=":{"valueMac":{"type":"Buffer","data":"V5TrlQk778shiLddvpz3G1XhhtxxgFLYl6SxaGLYrlA="}},"Mdt/t6c55ldklsm6WnnKj7w7zOzvCF+HO0dK4b38loQ=":{"valueMac":{"type":"Buffer","data":"mvgU7ueuHvO0pCCqzaZ8nGoxRZyazyaaAJtrrm76kzA="}},"Mdxy0YdBeDInWoaFjRj/ZrfdND/odMhVhi8tFwA8KKQ=":{"valueMac":{"type":"Buffer","data":"VOcmmWdxwYPvVKL/vQLfBLXHPHkFZToCxogz3s+yUpU="}},"Mhy6vDQXxe2M2cq6PP02YOmeSUwG2VD5HAzH//9cQSI=":{"valueMac":{"type":"Buffer","data":"OHIRGveDM4Mzj3TEOsJvzSlpx5Fsz2jWdgNXIM5F4aA="}},"MnffJTjBLIkB2dmLOqdhVB97ZQbTCDiSkIilodcJOy8=":{"valueMac":{"type":"Buffer","data":"JBNWPOeIifRMCm4BXK/ezGUS3D4P0nss3jQ8/69te/I="}},"MsfoZFJ4IduDCeqN8xlQXw5QLuIBiZXtzFqqnYBfNWA=":{"valueMac":{"type":"Buffer","data":"2ODqjXA1r5eDcO9NZ60imJQnbw8o/uMKu86Pc9lQ+m4="}},"MtUCaK7lw50DjkIHZvlrfcIxCQXsbVUv63NGIirap2o=":{"valueMac":{"type":"Buffer","data":"bK4mjYzgRNvZWbrfAu6r06JFmTbto5rwT15epzI25Fw="}},"M1N9W9MHZbarWvkWOscVtTUM/Tz+pBBaBsTzvfcWED8=":{"valueMac":{"type":"Buffer","data":"BB/TRvS/O5WN1iCqVAg7KsCcyZuFExHSX10/2URyP8Q="}},"M189QW8JVc2JFk4b4PzS5dKNY9Gm0rvaCYpWUPSiwzQ=":{"valueMac":{"type":"Buffer","data":"VgkS36BgBw+WXXjM5R45A7c0bMWOpv85DSyYHHhbg/0="}},"M5mFcFZuuNCTCEyOAG+J8BbZwEsgRdBQOfItfNoSt+c=":{"valueMac":{"type":"Buffer","data":"TLdxGcYxlhGhHgnQakqRGfudZs9bv9bO+gOD8Cp5ykk="}},"M5zpOVNtBqV39tFn52AhNP/m82tKFV8uKfQgiJPZliE=":{"valueMac":{"type":"Buffer","data":"lap43yYqALglGbf8+MuxycAich//+SyR6DiRcggPuW0="}},"NEvPtTBo2tnmwd/8W0SJSWPsJ/tHQv0nNQczH5SqG8c=":{"valueMac":{"type":"Buffer","data":"baFGxwrTjf4UZfTcCjDE1aIGpWg4i81jdkxhLdC3BWQ="}},"NLSvgRp8OKTK5lHmElN2iLeIrydQtrXbrh+GCAOllQI=":{"valueMac":{"type":"Buffer","data":"mp8H9vPHY4MD7kOMJb86OMYaSN7lCXNCu4WJbVk1L68="}},"NQCp+DkzDbGxAyNa+uUdvdbpMelBFlCrR0yFa5EQuoY=":{"valueMac":{"type":"Buffer","data":"FvRSgH4pIDpjrvgMel336aA3QGOaZYuxrzLsqgXjlt0="}},"NRyYgZuIZtW+Gunn4Ojlt4vQPMpdsVBRukh3wZKhBjE=":{"valueMac":{"type":"Buffer","data":"QRj8QeqKjfCFN8w3+viBdC4OW40XlTn55fmebHrk1oA="}},"NvmtmJYzHsLFifrezRKWfkh1xg+WxG7w0oG74MxXm0g=":{"valueMac":{"type":"Buffer","data":"zdCscUvLhWOm+ttcPH7MoirSGtXAcqBADzH1R03MWUU="}},"Ny22xhAxqsj0BSeID6lfyNGN+wAC4tbc6K02Gf1vj6w=":{"valueMac":{"type":"Buffer","data":"5LG1Djq/1MZZY5/f0nZeYeQP3nfrnmESVlgVupFUxt8="}},"OAMRcJL3kUpW5kamrdReYceCr6We83Lrz5Hz82Eue3c=":{"valueMac":{"type":"Buffer","data":"iZgA+WCbQaRMiQptMi2fIAqIimx+4IsxxTkEMqPPe8w="}},"OAYGiay9Y9vBml3mxjR1T0xvKEnfjSmeM7S3xAsOcSk=":{"valueMac":{"type":"Buffer","data":"iklIilnodANtyyXb4lLnkguiHskdtRh5bh9Hend4pz4="}},"OBMhWrc2fdG4rP4DTb+ksm0TJcsQ+g0u7E/7BxofiHA=":{"valueMac":{"type":"Buffer","data":"Ga+X0ifaQzGHP7bkJfQQC74mQKHPXGc75KJHAMh77Xk="}},"ONzMcLTvp84+Bt44Cdgmg8OssAHwVlCMt0ZYdU6CHME=":{"valueMac":{"type":"Buffer","data":"0LxlS2BUk3vsTMcA0oZJf55BLcvT/SS89/NeGosb0Ps="}},"OXn7RPITb06GJ6D/GOCj/q7HuPOEMcVKL7C7OVucqvI=":{"valueMac":{"type":"Buffer","data":"unpJer9IhcHYgD/kRb5ASacH175Xx0YQBVJMYgowO7c="}},"Oa/lIlpzuedBjmj/rz7Qx0qI/2hifPC7rLC9+4eDjs8=":{"valueMac":{"type":"Buffer","data":"ES8edK+BlS+e1dHP8UdMGxApZ9MPU47LkOE9MDB3WYo="}},"Ob2qlVcB+XpIe6s1XhF/AQ79txcUwEVk3WZYJqgp8To=":{"valueMac":{"type":"Buffer","data":"8cDVThgTMoZora/2WFsZ/lYbbbqkHXn7oGwymULursg="}},"O0uRNQ4DpyES8JV++R3mb/L/WmjF6cTLRPNDAGmgInE=":{"valueMac":{"type":"Buffer","data":"Q1skz/yubjCPjV2ckUmZe/Y+AqFAvq1T/HMPOgjAOMI="}},"O2U7Lregw8vhugzGD3AdvjVc4iFzzdW7KkeQg5W0Vro=":{"valueMac":{"type":"Buffer","data":"W0YnwRzNtiWstikxCJbC3MmXgiAAOzDPnappf0532Zs="}},"O6YVBnc+331yk9u5ivUwwZUUu6SUG4TIIUZxns0b/so=":{"valueMac":{"type":"Buffer","data":"H/lsIyMVG6s3wVLwBszZ1lEmkblggs9Xu3BfeGe7ekI="}},"O7huzoMTkuAzPHAE6UKNK5n/e0WKD4//z0+xVDXPr84=":{"valueMac":{"type":"Buffer","data":"7cFKSmrYJAnIdh5O0g9FR1qgS0lJ8c9EhiWN+kM+e6I="}},"O7qqGdgL6lPyrtFVHAmZJJYqW2b6gX01+JGAEf/iHqY=":{"valueMac":{"type":"Buffer","data":"50jPGGyatLN8pKLJpCxeeQUgt51jUCAILAjexkjvKtE="}},"O80vhw4w3QcDGTy++susPIOfDgqeL6FCMLK78V47dsQ=":{"valueMac":{"type":"Buffer","data":"hQ9zLcOiRA7ohxaRwbDyyD7RjqFk8C0I6d+X7OFVvzE="}},"PAgwS4qBgsT3srcsXna2ARmPeHF8jRBFR20AX2l+V2E=":{"valueMac":{"type":"Buffer","data":"JP8zXzwhPj1l0UMQKHGJhZ1W5maD3eHxfMbPfZJf3yI="}},"PL8JbYIdU2pMiQCX/cot4+lk4mgqJF3D2ZfytnPjaNE=":{"valueMac":{"type":"Buffer","data":"ViUgX//rJnRw1nuEJ8Aey6m13zIIDIi1f5shWtMrCGc="}},"PWD9nTqfo73NvGEX8RvdW+zhnHDLiCpld5cydhU1hoQ=":{"valueMac":{"type":"Buffer","data":"2HiFMF1LVsLtlE/Jz7DD0Wlx/34B/j1wOkTifvwPxHQ="}},"PW6t3QaDj0ayfNEVEYdulgYVkC+jNccrcx8qLZZ6PYs=":{"valueMac":{"type":"Buffer","data":"HvwpqDbqhIXOKjnAV6hbpWJpQQ1dyIyFScG2l37zsOc="}},"Puvf3xwv/70fs0af0z1+sauBI/6L57RCmZ6RFGw2kXg=":{"valueMac":{"type":"Buffer","data":"0ukLmbRx09v2+phkzgvC0W9yaF66klYNNlyHsn7JH28="}},"Pw3FgazQSGyBSTcktrSjqX5AqMCs+RClCsmGasWCZLg=":{"valueMac":{"type":"Buffer","data":"Fhd+DAyt/h8SxkaebtNCProBsiDHvUILNhqE/PeiJtI="}},"QAHbdmTAjsOrofdx63we6Rk324TiDaNT5nshMfnsXHU=":{"valueMac":{"type":"Buffer","data":"f7/k7Qco8j+LPfkODlxkfKwrg747A6z+q7mDHo+r7T0="}},"QAjHgQOw94ZtPoZ8cE2S8q6aI0VX9ZzZAve/wbdVNd8=":{"valueMac":{"type":"Buffer","data":"ptj0wMvu0wpSFEo4lnj2SybazWU/w8ImcCPRgkSSeeE="}},"QDF0mMwPTfGS9EfU/3JH4rozAzMZ5bcJjhkQy6EwgbY=":{"valueMac":{"type":"Buffer","data":"ZlDScDLccQRDRuIn33L5kKi79O2a0SU/EhMAK1QuH+Q="}},"QI0W2shN83KQ496ozY7AhChpE/MqA/soGL60BmavTmw=":{"valueMac":{"type":"Buffer","data":"OsTXRUkvBKth2JcxgHrQCWh/w8E3jBPyp5JeqHwtpN4="}},"QJoaRLPusS1bYuZmpIctm5YLRxF/DDB+qFUxOj95/Xg=":{"valueMac":{"type":"Buffer","data":"yfpKCBw8d9FD41ICaLjaqPL5wRfNcMlT3lQX1J/oW+g="}},"QbTz+pZyHOZIlJ8QTOFTerNKnSL0OQVwib9L5Ayr1IM=":{"valueMac":{"type":"Buffer","data":"mnDwZo6yrOR4TRi8ptgHqHAiFDGQ2SqYGsruiagFfS4="}},"QhTlrJnEKisf7Ydl8H0QokNN2SxwCxXdmmV3T1dmVwM=":{"valueMac":{"type":"Buffer","data":"DgH1FWs/5MeEDmC7Rzap8OmteV5DtZF7s5JivebPips="}},"Qr7wXzO7YE8Sf4BOE3NOTpf9QYn9/oZn8hWES6KvkU0=":{"valueMac":{"type":"Buffer","data":"wQ8FLiQMw4hVNzgh4sRMDaT+UK+HB3aO3LhP+qJ53Ro="}},"QwebvwKFc5lNAKUqo2xqlM8itTSg4D627PjPVckHavI=":{"valueMac":{"type":"Buffer","data":"taa4L0EkZI+/aVBNu7yVgNZFggK3gqoSDVaqVnzUV64="}},"QzOTLJwdq8pJ+jKO8UT87qUCDyrANs43RqK3wJY7TWw=":{"valueMac":{"type":"Buffer","data":"dBWvke+wmDL8Pj5bGwWTQGYsk/t9BAz33IiRENYuQTg="}},"Q6pQwItYDe8tkSFMHyb7TY7bzKcb+vY5MxSJL4YhKQ0=":{"valueMac":{"type":"Buffer","data":"uz1pxK5+TJ+thHH8CAkCwojM3gEzGrWCHX/786GWGYw="}},"Q7af80PVRGOtPofutFD8UD7xVTM9Fn7ZZ5a1Lv8rj/o=":{"valueMac":{"type":"Buffer","data":"mhiI2BewXvoiR21zrcRnCIuyDvyzbRIuudv3kyxDTUs="}},"Q92Io/GkCXwGi2GTk/5If9p1f1aFnYfYseQm3nBKDe4=":{"valueMac":{"type":"Buffer","data":"adMPuWiH/cNamoyJzcMJfGt1T1HgxyvMpgC9o0Ic5Ck="}},"RGPARnjQ2KOPNRqNPgAnjPeKe3NUToZa7D6p0FsY01M=":{"valueMac":{"type":"Buffer","data":"3qtFMt4y7/CztAf8rph79RyNnIQxX57E5ioZLI/Uyek="}},"RIV9JwwUiN7XZWTESCRfNtezOroqXD0qpl3uMfA9Me8=":{"valueMac":{"type":"Buffer","data":"+k3VqlajksOWjz7C/A+fG6Sw3lts3GGszaFX82u4+qg="}},"RLKbpsUePKe2goMcWZuZi0ae0S/t5+fLkReZSHr1CTM=":{"valueMac":{"type":"Buffer","data":"KBo/6Xzg8frhFNxJ91NsyeQQf2jXW+20r72FW1Cjm4c="}},"RPknuFTiEqcITL4u0XjZWC3blcYwTiGKo+MVZ5eiUYk=":{"valueMac":{"type":"Buffer","data":"Br3I47HIWGuKjuVtfSyQFd+z6f8FJ+fd+4sli2ARn4k="}},"RQLGXEsSCyCAqf/Xhrhq9R3tEKDGaHzadm1dWGb+mzY=":{"valueMac":{"type":"Buffer","data":"qIBLm81X/J6LRofpGL39tWrjVjXpAOySKVz0a948NyA="}},"RQsvg6p5km7rwhlCTXOiPht2qun7lwehWdVYrNHUrZ0=":{"valueMac":{"type":"Buffer","data":"MPm7iz8vlv2HaglzBrrZtm0DdOe2VWx+5EwmFSJ+1jY="}},"RTUHBbhkdFy9vtMAfzPcKBfomA80OHqKwRIQ8NOLVf8=":{"valueMac":{"type":"Buffer","data":"mMEhFTeF/NLMpeaZeRE+rK3JYFO6qZ/V5a9tMUoWLtA="}},"RT1qOPwwkDFyUvqPkWnQP92swXKIf7Zx/qW2ezYDogQ=":{"valueMac":{"type":"Buffer","data":"F/KRn/t/KR/kzOi3c9eGhsA3S5vJSy9BWICWLttmuuo="}},"RYzZRGCrUSXhZF4xd4gye8UWV91feaBRgl0rAr3ofZI=":{"valueMac":{"type":"Buffer","data":"f2svSwFz3ac5FxO7r13cJyaHrQOj7mt/qgiydtde5wM="}},"RgPS/fVRicSU7f+o4p3TyQxgc9Ln7I03KWqUbM4qfuA=":{"valueMac":{"type":"Buffer","data":"VOtxt2LT6Ow0qhTFqOwJflgRLQ3MO8RVqc+zgZIROGw="}},"RnPILMX0536FaRVQ2DJf6usbW+o3tCET8AXR7qqdj/4=":{"valueMac":{"type":"Buffer","data":"EU1HuwZK5+u5AeTivHXdUBTL8g4heq7RrVkvxZA2pUQ="}},"R3FkunPhqz2EUsml0IPC9LZw1qSNlZvpxeKYPlLsLC8=":{"valueMac":{"type":"Buffer","data":"Yrc5Oo61p372BJ2H4pktOgEjGjFJ63XNzcz/6ktXXow="}},"R6BfW4/NpFte0f+f/3RCOCcAAT0fnFNDtJBYBojiuVo=":{"valueMac":{"type":"Buffer","data":"dDJ8JgSspvx+KzLN+/OhWTgabN5Du7i5wbmO/4bGl0o="}},"R/LB60Ic3/18MZ2wRpW9h0b9IE2f1Ex7J1U4BYp2nQI=":{"valueMac":{"type":"Buffer","data":"6MayWOdXr6IZPmFYRtZJS9N1jaGGtx4FiqgzDViSPts="}},"R/fddCQd9fwJGzRFBkTaKLiNyW2g/ftSAnKzp0FSWRk=":{"valueMac":{"type":"Buffer","data":"cmeHy2KvzVFzRq9GTwgHpsGslGvvm9nVVn1WDDg+9tw="}},"SCP+/lW6fQWG1sOoch4oHA5CSecLp9JnqtP2UHyFnsQ=":{"valueMac":{"type":"Buffer","data":"A6MApH2dkhBrY201xkTvo2qDDmpQTwJDQhHfQcW0fSE="}},"SKnCn4zDtZTH9G5RmxzuWpeEeGtAjDaAXZz1WkhY6cc=":{"valueMac":{"type":"Buffer","data":"+S/77bOMVifoRP8Gn/P1FEsj6gGX/T/RGGHOgTQRr2A="}},"SRT72xjD5PrWIpqTh7HusyOOtkO/WuQsJ3FC8g/30Tk=":{"valueMac":{"type":"Buffer","data":"WmeUJ+gBSklp4VL1XvCrpwj/jmJAJ3HaR1sfxJEnVmE="}},"SVfRViwa8dTm9RdBffc2whAW335oKSW6PKKewON1DWI=":{"valueMac":{"type":"Buffer","data":"GmZ2DZ6uOG/NXmoYA805GhzduIduIl6D4kTZGb3c8vg="}},"SZEGBgvEJItRyoDAkyHS9sdzaCl3LLn81HtZb7k9ja4=":{"valueMac":{"type":"Buffer","data":"J/u+rzCLbGbvmVbTWP6dJKUw7Z+ZL6+LGQciJg58fBg="}},"Sn4NjHjmW0v1g9kP3Haxzrt8c1sLQj06BzGEm4w0fks=":{"valueMac":{"type":"Buffer","data":"ei/94UBAA+efeJErBa48WkCfnFYypvs2+RAs2+fTAPg="}},"SoawKeu65v14Ykln5FTtWFwrdKgW4gr+cAr0QrEFZt8=":{"valueMac":{"type":"Buffer","data":"+l8Ookmc0MUp3dOiJswLEL9OPa7G9MmfELBB8qEzOpA="}},"SpWojoT1GW+4kEGfho22l4IXz0feoUf2dMGoc0UBijE=":{"valueMac":{"type":"Buffer","data":"ZluTqydgHXvTpL4BnV3uafrNMsf6sBA2N7WtaTeNw+U="}},"StEXiP2GOvDfrDzJ1SM5oMhVGSQReBP1bfshdWUmemc=":{"valueMac":{"type":"Buffer","data":"8+OJonzkRuXmVP/e5R6pIPByEBhyWZIgANKNSWzdOjQ="}},"StNJPTDPCwbjyq8cBy6+B0kbrnEERfofaJdmeYE18e8=":{"valueMac":{"type":"Buffer","data":"7RfOjcBvVL4nKSJXvTHfwdlVnbgemgja6uv1vFQFw9I="}},"S4j3cahmP84RewU93mi9bVRdKxRLha+QSNcjvCjhJN4=":{"valueMac":{"type":"Buffer","data":"p455MTUmIJJUUGQ5qK+qATnavaJe/imTmoUYRqB11FE="}},"S86gEdtqOYMMl3QpNptTaoEaL44cOZNjGSTtHkNdDMM=":{"valueMac":{"type":"Buffer","data":"LNNmCWx7HCwXZg3l4SAQduXRrXm30YypwNR4OX4b2OE="}},"TK3S+2OwcgIYaGpz/4jTsTV/2xAKePqy9yCFRrB7eWE=":{"valueMac":{"type":"Buffer","data":"kJfM8poBMFjoncKMqp3ba0ipHPiwcMm32WEs2nYlXac="}},"TS1sLuJoZJzlFKepAkJ/3bYe55Cula9PXeV3xgl6Cz8=":{"valueMac":{"type":"Buffer","data":"O7rcmpBiPmhWmphounvBsZSwkT1KIvHFQ17dsAPBOic="}},"TUuh34jy28TCCbcIQBcuvG58VbrQTYzr1vLEJzxF+N0=":{"valueMac":{"type":"Buffer","data":"pEhNaJJBDqUuu9q9jzejB5KgfYoq0FJpJ/D7YNw/MSU="}},"TcZIGMxHqqLqqb8Y7k5ppJGWxEKKhKMzL18BkssWbHw=":{"valueMac":{"type":"Buffer","data":"vmII54/KTgLAXQKed3/X83KATjznzHD1qJnNQcs6aX4="}},"TchhkztWkh0FGkboVDjD0M9vkcAo6gfIU/hI5fiAr3I=":{"valueMac":{"type":"Buffer","data":"3bqYZPO/70kSdJWgjYU9/4ggoevtVQQCFBG/Dbw7EiM="}},"TfEjcdupi1W+gJyVolAZZ6734kGvfPPgf8ZKCi75P4Y=":{"valueMac":{"type":"Buffer","data":"mG3wNsfhsDzLHBwTsGq/9R3zlBeaRYgW3WdsroInFwU="}},"TmTk3srgfTF9y+ihN8CZtuU0eB98pN0GS3mXZefRRjs=":{"valueMac":{"type":"Buffer","data":"ve3Z/d89ZpyqShvSJZSfrMTlBZ6DZI3Wyc0ioHoHNwc="}},"Tsth/ljMM+krA7FA6eJvl4UGr6SRi/0TNmVOfS34dkk=":{"valueMac":{"type":"Buffer","data":"BcOEluK1kIokIW8ZNE21SdrQqlSc+0RFxvixRjJIZtA="}},"TwZvmJu0U9PA23bUt3f8b+L5fXtCvXXogvlTIWpxLdE=":{"valueMac":{"type":"Buffer","data":"lEQYBCKm7R2xSOLkC5Zw+dwx0uT4jFoOjAWSZVMb1o0="}},"Twtv0YCEkKJ0w0jCmqJlFJbWEOYBcOq3sAK/YezjdiA=":{"valueMac":{"type":"Buffer","data":"XOGaZyJQ6gNZucjrBPa8vBGx/qYoRuOEdQ089yQQpkI="}},"TyZ4P0zoqR4YRuh8t58E185VGhs2QNDM/ErMayt6r2o=":{"valueMac":{"type":"Buffer","data":"bj5LjAONkQFn8Ck5OWQMnVygud3yHThCmt9qNTC5F/A="}},"T3I6nnKJ67WulWtZS7c76c9BMuQDZ8x1Lp052Nd14eA=":{"valueMac":{"type":"Buffer","data":"0A5EbhjcuR12Sx29wI0pFg8vmeXZXNXJ0ECXT6YNxYg="}},"T+OO5/p18hYaaMiXbbgGHirp13YsZyTPyLIxs67N73A=":{"valueMac":{"type":"Buffer","data":"X6Zo9CYktyfE4HUWLq6JuoMoxbSU5UKFmlyueK0Wq8g="}},"ULH0HXNteQ0iYXcMwuxUy5EszTg9hWGLXjwap7AiUBo=":{"valueMac":{"type":"Buffer","data":"J4ifhkqT1Rb8BKATqOWEbaWHdkuunUfmvYB4j3dvtsA="}},"UqXuwLvrTPNAGG/2Wo7KooKiij2UqBjIlHf+oMMZn1A=":{"valueMac":{"type":"Buffer","data":"WlwTkyuOu1mM1tREN6ZrEUD+SXF51EqBg07mXUn4hkE="}},"Ut7R4CTpAFZQLqBgAVqVRwfCBPUYRPxAwMqp/ba9zqI=":{"valueMac":{"type":"Buffer","data":"tZWJUgi9yy3iaGxYZYRnYXLUzK6uKIH3X+8U6TJSAhE="}},"VE8Dq9bivhA1bTnWBOnMOjzYN3HOpcI+ivpIsT8G1rg=":{"valueMac":{"type":"Buffer","data":"D2H6ErsApRqPKdA2iXKjLOSgQra09weKMfUMF/EXM/M="}},"VHYjoLOsM9wpnOsoq7BbiihoeUb0KOmw1Ng8bh9PDfw=":{"valueMac":{"type":"Buffer","data":"Vg8DXn2LFjI67dAWJNV3l8YSkj1fMQs9ANzTT7PUDP0="}},"VHpc24v4Iz7Hu7yrB8llK3EXefT6uaFwJ3Dq/vjl43c=":{"valueMac":{"type":"Buffer","data":"At5ffjuQJEFYTMTqiKkFzdeLYRqs8en99a1LNVoZVcY="}},"VIAt2tix4OZsPPADyw+h7bxOG/yIfDpO4kYWIVLy7iQ=":{"valueMac":{"type":"Buffer","data":"o+V7wAzr1Ju44dV6/sd/exJlHTfDERyRCRFv8nL3Smg="}},"VIjO18jnxjir34JOcgCRQfuGVk8zAvb35nUYOWONdjs=":{"valueMac":{"type":"Buffer","data":"tTDVREoucEhJF9cyizVhKSGqipZvdkh/Afqksmxom5I="}},"VLdvD/3qOIHjEd/xGOFhQAjrs6FgAMXz4lx7ZoIgSwo=":{"valueMac":{"type":"Buffer","data":"2GSP8WE694TuTvcK4MHyrbdqkBeWO0blLxvZCY2L27Q="}},"VLz55+TqNC84X3KFOyrHZjYwE7JLyybCVWZJF7VNNJ8=":{"valueMac":{"type":"Buffer","data":"TE2uUxr8JPf1R61JMAWwjD6ybDR1z5jyN+Eu1292skA="}},"VRLoqwfWhsIZ62igNiXTPyUOrKAXW0+eD6oYDEf8KH0=":{"valueMac":{"type":"Buffer","data":"ehpdvLUz9ENKapAsuWtvPFWpf0yF/fVKmSjPOe/Nssk="}},"VRzYcRHNofz2ewVM9XM2JmvL8qNwrbUayYncIinPRj4=":{"valueMac":{"type":"Buffer","data":"Xelkqu+2OybtIr3POJUBpM8jey7uX/o1PzCa00mWmrM="}},"VUv2T+d6uo2gklnbWWnS/pPjmE3dTvXL10WW4Yy4L/A=":{"valueMac":{"type":"Buffer","data":"7gPNOZX9xpxVsgBTK89d+gBdEsAZnC9AdvuNacnitX4="}},"VWDyJjSTOhtinX/ddZE1VV0endcoeFiTezywbGmcoT4=":{"valueMac":{"type":"Buffer","data":"zNQD5/WM1OnsGSz8Ews2EISaUwylQHHuK7y3bpKubYM="}},"Vi1OTKOdsMGkfEGLQWW7cAuFlASCiEF8uSBDlFDWJiw=":{"valueMac":{"type":"Buffer","data":"6oyd+1YlLEAllRcg/DcCpu7tdZLJ3ZM0fSECK5DToHw="}},"VjPV8Htn+ZTz3tbMIHSlfPux67s8G3pffhABNCSC6zI=":{"valueMac":{"type":"Buffer","data":"FsNdCoOMjVYzCRzi3+eTKesHxo02kskmoEe5gwmFxPA="}},"VmR+GP35es4xfu1FRYTHUYfxgkzYQgypraJXfYnvDwg=":{"valueMac":{"type":"Buffer","data":"DoRcNffIpjkSkwFaaMcRCK0NKk4WvefWjC28peexm7M="}},"V6NC7Maidn3W5TXmgm0VZ2aBdvwddN0mKvZ5Y3L7MVw=":{"valueMac":{"type":"Buffer","data":"akZtfHGUN42urTfOSTpcqDSdFreLpuQkJ9JcFZYO5Bs="}},"WGVTn0eAUa1/iK599QPcJdPGyoEr3GvmPFBmrRgGCs8=":{"valueMac":{"type":"Buffer","data":"G2s8HovwR0rXk2FiiTnIDUrSMGhFiddDOXjS8FEVXls="}},"WHy0kW/Q0aLVhiN3D81tyMjc58qrs+o1hdUHcunOoqw=":{"valueMac":{"type":"Buffer","data":"SAcxe6TlWOvpi6zJuvwBoYwfY6XTT0+5azBECxqIQyM="}},"WIKVhAAFVlB80+E697HR9G4UQsE5uAmY8PEkN8/VWTk=":{"valueMac":{"type":"Buffer","data":"ZwEEr7Q8nqM+/7JMEf9v4fmw1GE0QrveUFV0CxTOrZQ="}},"WKT73ec3V/nqSWl3gKNCOYpwBlJnSOAHam9019budSQ=":{"valueMac":{"type":"Buffer","data":"Ip93J27HZh3IJzeUANvbrkbqQvPci3TPjSB0hT/IMoo="}},"WUdgC0Oy1LK8mHzMhZkSXD/F7YDjTXEHPu9gxbxoLoA=":{"valueMac":{"type":"Buffer","data":"huHi1ayQAHb0BXRsSpNilaf+bWvLH4iJ1SVg1KJiMQA="}},"WXg4GKypiVKsP2NYbtcGRDGd4LEX/Tr3GPVuQPDfC8Q=":{"valueMac":{"type":"Buffer","data":"RB3nO/uA/icX2+8E+tevDw1FveQza297zUL4YMZEYDY="}},"WYNKXbU5QEwgxzluXG8qyflgPXDz4NAS6TL6q2dcg3c=":{"valueMac":{"type":"Buffer","data":"latyAEnGts81Zi8bvml5vULAsQ9kyVNoYK96GxPw4mw="}},"WgVJjuTWhA/BrVq2eo1GFd00NafWgUzwOCswnxcDlfc=":{"valueMac":{"type":"Buffer","data":"Ruhfsm6O9ejQgN3YwvjfX0dZnrYZGuPuF2Za88q/6ac="}},"WjF8wQXztqu2vbOIZjGRbNJg+95ZX/9DrhhTICoDmMI=":{"valueMac":{"type":"Buffer","data":"fBxLbcim06g7cbtVX+iKOTRa2teJuJYbqoN8b022rV0="}},"WjZgdO0ZmebvbhikAbKpzrEXjaXdlIzTW1n/Ldt7vsw=":{"valueMac":{"type":"Buffer","data":"QCdOCc0kgkiQ2UCMb+LYy6OWlYmzcs2DroQGq4LwBXU="}},"WlzgvXBEuS/MU6PYcMiYfhkwcA6o7E+XOID5OuEWISM=":{"valueMac":{"type":"Buffer","data":"byzNlyilRmqpFPu8C8KEuiVRTD1nIHSXSFKhxReDOT4="}},"WylvfvfolufjcERNcGho+ewtQxanKR+P51xCkC0DAyk=":{"valueMac":{"type":"Buffer","data":"m9tWgpUsrTA0M0PICyxAyH9NwyZHMUlMpjF6yOiiWTU="}},"W0DejuBG+nXGpGRlavjWWzwPo8nzg8lDDENuQljaA4g=":{"valueMac":{"type":"Buffer","data":"3ACDW9C2zTtSvPARtsx1UFM4KPU0duo0EOePFzT3CX4="}},"W10FwxU4lf46Lfjk8irsQkakv+Z+FkLmNUBRIyfaaxs=":{"valueMac":{"type":"Buffer","data":"W3oRhPf3izaQvLPYB0h9Vid8Z2cH7p+szFyYgASKUO0="}},"W4BtcFbcd3LzQhVS3857Ewjq9PW6/YBLAYmIRFHDgIU=":{"valueMac":{"type":"Buffer","data":"wqcVUdg9Q9v7fVa1uO7JFhLr/PhJzHqfgOJj5RHsBwE="}},"W6DE7PQXWmUdki6ZBtcw+TVfkAnLjLsQ1cOov5Wia+k=":{"valueMac":{"type":"Buffer","data":"hNwdq5nXBOnFsM84fFSFGJJnDSTas4CZ/Ksn78PA2y8="}},"W983n69Dv7vL/QBKJqk8wqoKBUs0sAuxEP3ri9cSXU8=":{"valueMac":{"type":"Buffer","data":"Sg3QuYEo1eMElzzui5UXga2bYsQNGdmmF03nFioui48="}},"XDi6rAc+bL+IckfN1G4+mMxlX9D0kCC6si3g6ydFNG8=":{"valueMac":{"type":"Buffer","data":"akk083TC47ZiYprixySnuWPwRvPm5bvW6pVcRO36n/U="}},"XFoVuLjxy4MenFfbJHHZrYP23eCx+efgHnLK9P2zv5E=":{"valueMac":{"type":"Buffer","data":"tfi5lUOYJWIBVvKJp5OCGefjOo/PZAvu5qmbUDtZPNY="}},"XO6eZPnCquVT25vqRn+0ftPzf2AhBhKEeMTvVAb29Fw=":{"valueMac":{"type":"Buffer","data":"Sk3PaG1IXQeb1+TJn2qdvO40Gou/osv2dXwYwfs6S/s="}},"XT/8efoJ//nHgoZ+eOA8kLCequxnmt+VTXbcNaLP1I0=":{"valueMac":{"type":"Buffer","data":"qQt/SuV+3LXxDFAcCCDCpqEjYuOp2+epgloV56JQBUE="}},"XaBbfwV2wwsacqRWYZzEaiQC0XVynfA9/CIg+GfypHg=":{"valueMac":{"type":"Buffer","data":"O2md63ww7XLlZLJy2eR/ha5BNUZ0d0IufbDV+FYp/4A="}},"XwqIa38NhvdI//HtpZF623bX6f0iLLcyuzvo7ccj2Z8=":{"valueMac":{"type":"Buffer","data":"Y1dcqf5AB+j2cL32CSswa14ndd/HNHRSGIrv7mvoZW4="}},"YAk8vbThxh7IvAvBM34u8sLZ272ZXVUO/OPLEJEfPXg=":{"valueMac":{"type":"Buffer","data":"pjjSNcdttC+TtI083yWeWnT3yOxvXkoiB8rcQ3Tijp8="}},"YBlJRvn6ZHVtQNxKgbMObn0Z1XsyCKN3AWGqlABviGA=":{"valueMac":{"type":"Buffer","data":"XphX9qCmZSe0h+PyGx7fFgVq6gV1+peZpXZTDz5nMHU="}},"YDvidqgBt60O6pYDhFSU7JxGg757w7XDTnrw67i4kLs=":{"valueMac":{"type":"Buffer","data":"FZehj5xtvav5Kh3YrJDoZf2wCmHisbxy3YrMgDkS44c="}},"YGKK3izVpkP2GHTN6d27FBhPY/UkOeEmx/EWxhd768I=":{"valueMac":{"type":"Buffer","data":"7jDRoi5T3fEsAj3AH5w5hhF6OwIe0CRBsrHR7SDPp5k="}},"YIStVhOBcCOm8J1G5nMd1uge4fzDuK7OzE+HHj5jLuI=":{"valueMac":{"type":"Buffer","data":"VtY6/MI/xEvwDc8vP+4SAz9xZnRsEJXU/xT/6Aq5c6M="}},"YRMWdsxpBrODu3vanax741u+f7KzK0KIaijUQIVi4P4=":{"valueMac":{"type":"Buffer","data":"WzSzaQeMDYxwCTxYI0mz3c0VMz8E9t1iLvS9Fo4PV7c="}},"YYfpR7SqWx1UFB3rtE6zw4vfdcPLGBZ0L8gkM9UbXzQ=":{"valueMac":{"type":"Buffer","data":"9VxCp07VlnQgNg/jmFje8hqXfsissEuuUZReZ3ev3sc="}},"YaZKpjSzCi/xpvOZonjgijub2xA1WhZNhUNAWLcs81M=":{"valueMac":{"type":"Buffer","data":"3xDtHzGYoEgTuqauLdZsSlllT1V3pjVOeP0bZF+RXwA="}},"YcBty3f3z3gVHvnewWnEVqfs040QCfQJ7Uu80whJqTw=":{"valueMac":{"type":"Buffer","data":"2Jo6UuXdOI/MhrIKD8cbYVy7oZ3j0RRZx+1eHpJTqa4="}},"YcKrqq5rbQMa8d/rl3vzUx5iJVSwZOClBViTVV++Wh0=":{"valueMac":{"type":"Buffer","data":"sQmAqmhd+Z0iIm2MObRJING+WHDFN35v/GbSYyS4PHk="}},"YioxCDe+iSAqvMfHsCAO1AwoUCi2nlpmzkJFKfTvPg0=":{"valueMac":{"type":"Buffer","data":"982TaYk287wtYX5mcq0VZCKtHMdHroBKmT+EL3MfpLc="}},"YnuFcxy+NAtdI0g0SYTkTvIbxQ8qg5IQQj2nNETC/rk=":{"valueMac":{"type":"Buffer","data":"0PVe2B4GkB7n3ePm1+gaX8zIwg34fOXkz+fBQzHfzb4="}},"YqN2Fsm8ubYQ4jqtT/Gub5NMnWnGwN8nR1YSvH9Vpfk=":{"valueMac":{"type":"Buffer","data":"rBOIwSNQZ0AQdl9SGjFf05D+PrV1Hx47Kk9/k17T0j0="}},"Y2dJofjFxVkl41X+17fFJ6r5Pi9QZbp7Bo2TB0/mQYA=":{"valueMac":{"type":"Buffer","data":"ZoG8JGTXFP0dISFMyzEfBWA41hVx9Y4QM7oXSMBHkdk="}},"Y2+GW/p2OWlsFeQoAlgaj1SXtApwReOMzULH9HuwPLI=":{"valueMac":{"type":"Buffer","data":"FCo62Rzz668GjMlna2NN1lWFXrGo6UDKZH82G8QT3oU="}},"ZIV45/WZ4tkLm/hWBgT6R/hTuRGDZ3JjwH81reZe8bs=":{"valueMac":{"type":"Buffer","data":"UjQ22k4oCxbVjyGAyImmJh/Db1cbb1mVsCLu0eEpqj4="}},"ZQaEk0pqX6xBfZZl7cmE7/Fxqq7386C7NHY9EG5B6sc=":{"valueMac":{"type":"Buffer","data":"22rUSbu4xVwDm5QTMg/wgHhBzJWVP4y4zEvnDvnRq/U="}},"ZTVsEfkqa9OTtwcGs/lxNJ1pPTXWdoMcagccUpONZPE=":{"valueMac":{"type":"Buffer","data":"wGCV8biWdatN/ZJpmZEfaeFpsS2jIat+QsRzX6FdI3A="}},"ZlZJmoEHUhjjvipBwLSe8VoE3fPkbiouiorn5RH+FKU=":{"valueMac":{"type":"Buffer","data":"XFFSV//e07qGCNeG5OniFDE5RU9tAEtSAjD+kRdx+8s="}},"ZrV6nSM3qyMSz8r6WWhMBsd3AutClSrqO92M+IEN784=":{"valueMac":{"type":"Buffer","data":"1IBYYnUM0sCyn7VQGZvUX98ANE2Lyg4j8KDr1+lW2I8="}},"ZvQlNxXoPkH/7bNeDpfcazSjk1NmSf0OYWGUgt4Dhqk=":{"valueMac":{"type":"Buffer","data":"uFbkTCqymODT3Aw5AeYwc1cgS5UwFj36pHrwTVvY8YA="}},"aAVMx1aTVLe2p8w0NfoLJBBS7EJeyALt4JedIdWT99w=":{"valueMac":{"type":"Buffer","data":"4ede9F+LlnkXlsfMfcbsEoHyY4vmTldFGOLgZiQSOmY="}},"aEazMtz+2xINxVJT/X1dHaWl8KLub2xlO20tpovXAoE=":{"valueMac":{"type":"Buffer","data":"K5n9HyCuU5+dH2n1Dq1bF4QAF0mWyta43Ju9pTTUrNQ="}},"aGtnQDDP9+hrqMlZZjRhpDdZU4mA3LW+74GEjOF0ook=":{"valueMac":{"type":"Buffer","data":"fVgNHJ53KBxE3JBtOSqSkkvQ1qZc2EtX1igmUe5XPkA="}},"aKxE/HKQ6m4A771OyIBaqunJ5vplBSnJNug+EAVV70s=":{"valueMac":{"type":"Buffer","data":"q5OIj/IshNFDbfDNHqJ+GB5Fq30DCEGGcDFrGm+2qXs="}},"aScWqj/LjDCydOjY83Hi+hNAfakmz+ZMO87D+1hBGmc=":{"valueMac":{"type":"Buffer","data":"i9dpSayXR8+Sym2nJMEdQOXmYGWfyNM2KNe/TaU5NtY="}},"aXQPgC7GqNqgbZO4mTIIsmSXNkXCTS85CjQXl+97afc=":{"valueMac":{"type":"Buffer","data":"/sWoWH1rbGkItDPnClJltbSfAnWbE0Y5LK6jtl3RutI="}},"aqg7ZrREkOxZ//80ngSfnRg9VguYkQXDm+NXecPSPoE=":{"valueMac":{"type":"Buffer","data":"qiNk/DL29P4zw2cisdw9VtIUOWWV7tiVjEpDEhm8Fqc="}},"ayyJ+NSRRtuXJlSNIjd5MsccJ25eSARA7m2zA9+Vd1w=":{"valueMac":{"type":"Buffer","data":"iMCUAp4KVg21zrTP74Nfa71U3gtrC0SfUFoD/Z2Blfs="}},"a224cG0RLymXMfISIyLNOqYhbpKmQmRn4goX40qMtEk=":{"valueMac":{"type":"Buffer","data":"tC4moLOyq57V0HTSNPKsTaqfRihvQZy+JVjQE7N2pKQ="}},"bE4U62AiK/PQ/+nCFaerH+9KPGKIoZ6DhavSXPEOugE=":{"valueMac":{"type":"Buffer","data":"lpo6UcPBUptlk4bSQxtlqb698GAEVYjtQo+SjAzgiYg="}},"bMpY3sgGGPxAfvkOn2y/z2uAHgJDYxn7DJTw81xuXVM=":{"valueMac":{"type":"Buffer","data":"3KJTJ6Bl2jYAUwM+RswYUPNeS83heRT3Kegrv+ShoOM="}},"bR9TPnooN4zYZsDpgfSrO5xV/bcp79/t9501C+GNg8o=":{"valueMac":{"type":"Buffer","data":"N5YPvhMIxyeQfEuMZxLuVXT5NuowQmpxCio64xcoSW8="}},"bdLxFfJDARhAi7EhcRjFP/AXuWH7snyvXpH4HgyD/2E=":{"valueMac":{"type":"Buffer","data":"YCfdISoJbFNJktz2/Hjz7rgKyzFwZ7VmDwVhfR/CJ5g="}},"bsv7Kg5kNJ84mr4yVIg9lIAquChWiFiEC0793b/oT3c=":{"valueMac":{"type":"Buffer","data":"TQ3gIn48QbBi7fc195a6KbixTIQ8W/sBRha6Gpm645Y="}},"btVTmi/9/daN0KabAiyZlmix3JescQh+cZZAhVv3y64=":{"valueMac":{"type":"Buffer","data":"v2NSeuzkt6Zg9u8XxjERK6IepLtSRhB865F5FZ/6+JU="}},"bwh+8kscgVvfU/OmfYJzJE1D0rzDrpskgAWkFvTgKqc=":{"valueMac":{"type":"Buffer","data":"ytZNzCmInLcVHAYDJer0vzR0UttqR+XmR+zNXTaJmRA="}},"bxHm6D/DhiETQkJWpdHoWzD7CZer8wYDG72MH0RfQW0=":{"valueMac":{"type":"Buffer","data":"kNF14qE+RhVQTuCxN28rur4geGRfkxf4oNKHrOxwUt4="}},"b5Gv1MrTOoHU93dCv3WaAmtnJ5awLrkvojVEuCIzBHg=":{"valueMac":{"type":"Buffer","data":"qjBe2ekgZvVeBLOH5kIt/utR9LGSR6VyP+Q/B//MgZg="}},"cN5FK3EuAoVKjcw9l+pJrO6SXdVx+iclgrmFR/Z4+JQ=":{"valueMac":{"type":"Buffer","data":"TTbeeLMatO/3c8FbOt7xcxQfGGYbpmr0CeXuqOGTOog="}},"cQRsjoQn+l7wRxfrm5AlwJG6BOqoDoZJfuMl6pBroe8=":{"valueMac":{"type":"Buffer","data":"MRuShkJA+oMt/FVLMcERBKsLNRMJ3nLCJ3qRSpZXvuw="}},"cX5VRbW1uFv0hVp296AuMRNXPPdBm//an8p4KgVZH40=":{"valueMac":{"type":"Buffer","data":"qnDdK2Wd9xurEq7hwAuolbqPdeekiXXN9Tf1heK6Uak="}},"cl7Lv01Sskbg7FmIfLVtQF/K8u2TbvFXoljcJ1FRi4w=":{"valueMac":{"type":"Buffer","data":"E8dbaYkLvdnkhM9PqbbunY+ala6H4Xrxt6tVTPshWUM="}},"cpZIp8ksCQl0cSkUEYtMqB8rvJNAuaT6tnbbd8WKSmg=":{"valueMac":{"type":"Buffer","data":"YaHpaHuFeWs+4rUoKhskveq38Tlf/r5wKMZsSptsR4I="}},"cpj+qqVyz2vaqU0lpMWoQexGYMOdIt2XkLMaim6FdcE=":{"valueMac":{"type":"Buffer","data":"FeMv2BQ5Qr7McL6xXdw8EXyH00yWF1QjzjKgoNCRN7k="}},"cp973C/vnSzf9FEaNF5HgL69CKm1w2uYygsfaZ+LJG4=":{"valueMac":{"type":"Buffer","data":"AeuF8IsrOWxF7qLsDFPw+hQSYymcdm/T1zMgDWaiayg="}},"c1lU/y3gWSTvkws3EL9KZXlAaKJCiAMPOwoPlK7VXEE=":{"valueMac":{"type":"Buffer","data":"S70avko9Z/NgGei96dsvjvSpjAv1938z0Pix1u1v8lA="}},"c8cIsMRBSSpzUTpCdiRIMdLinm1k15AJWwgoew2U+24=":{"valueMac":{"type":"Buffer","data":"q6bdL9wOeMBlB63Pjb1dvjQh6AaH79e6f+SRBviikf8="}},"c9Cag5xmaVmJqHB8n2NU2CK06AZ/UjE30nkBkpabpJo=":{"valueMac":{"type":"Buffer","data":"sJFdRuBs0bmeC/UvxUmamvhMsd3BJKGeC0fkzcERIRQ="}},"c/HTBMKtVoO1rpySvZJzZPZXckpcFeSfncThB2w6CXo=":{"valueMac":{"type":"Buffer","data":"rnknWhxRYy56aIQvzYtOXz2J+VeamnCbZWdDyU0TFNU="}},"dBJexAiPRUtAdTsEwydhbnMTPXoLnJmIN93yD8llULA=":{"valueMac":{"type":"Buffer","data":"hnxpFMFO3L/BlD6kDAEqXxx/szgR3wB6usRPJkDUYxY="}},"dGeE+a7Wwl8BoyaLF/9eG+8LIX1kODnmrandnWf9z6E=":{"valueMac":{"type":"Buffer","data":"Fmpo9FYnJiEZdnLVJpuWNT2a65xaOiBPm5RgTupf+VA="}},"dIy0jc7a6zAhfIq1DDWnixicNIKII6uClgaSvTsuZ5s=":{"valueMac":{"type":"Buffer","data":"XKedH16H1k6jvMzWjbS8O2ts/OCRBlCUM59x2wajUhU="}},"dMFbcPBV6Zr//NrwQzILxGRjO6CnqGdXk90NnhvYr5Q=":{"valueMac":{"type":"Buffer","data":"06A8xQMiFhIbD5ydLRgcGKtDOlB98LjH1hL2T2qh6Ag="}},"dMOqiClVwkp6vrhLyq8NwUW4+0gZuQuguDaOQDrpi5M=":{"valueMac":{"type":"Buffer","data":"9/f5N4eTw3nQPvIapDmQN6Ys8A3Ty+On0k+u7nkkC/s="}},"dNwBZuwKb3R01J+E/t0NF9cJtOoA4eUxxdrg2xHSAeM=":{"valueMac":{"type":"Buffer","data":"hUvA+A7fi+2CYMkV4CQbHQLzKhL/DjXY88npxgv5Low="}},"dVwBjPd28OsUJnbIXcYmMuU4OSeJfaybK7G0s+UPCMU=":{"valueMac":{"type":"Buffer","data":"d+wcORMMsmCYF44X6bw1ZqDl1FNsafin43wwjOxf8JE="}},"dnF1Oe1ozsrwvZgQWElMInh0MMTcCh0wDkvJdXYxkAw=":{"valueMac":{"type":"Buffer","data":"aW4gC3cZv/QvBkucy85soXey73neKLC5UPZEbazjqiE="}},"d/NmFVP8UWnaJVodH4PFjci+VedWIUygmvWkdlA8Slc=":{"valueMac":{"type":"Buffer","data":"rOxr1RJWIltrmQIwckZI0CDRWzZmGMIwad9vMIHlYE0="}},"eBqEs9qFCsZWDvZDIDxs4tTvsVoi0E8J0fAGzfRvvP8=":{"valueMac":{"type":"Buffer","data":"LfEaWVyZIzFCgrP/SuLoYOxaz+cKPKi5rdvYBDYwRxc="}},"eIPzoMMGI4tzaWb8Pk76tqzPQfIQDSjyUdpHCNzssg4=":{"valueMac":{"type":"Buffer","data":"+EPrlcWYDQcx0Dwfwz1tkb8ZVIfaZ3oKc0DzQiA8tT8="}},"elaJbMbasfIvytVuLiwnTd8O39d3CuSeIj68RlapcuI=":{"valueMac":{"type":"Buffer","data":"arydDwwBfndQd6NYHhDIKVRRJCJMp+bDXb2s9j7qC80="}},"enxIpH4dnmob6LvprqP4ObP8jC+Nl7w5D6BQe2cVkDo=":{"valueMac":{"type":"Buffer","data":"T2IbSmjSUqyk9NT+Ijniwg+Eb3VurHbIjA35r5+9Dxs="}},"e+gIcZnH9UQImfrX4JYyFHepgWgQKdWOMeie3qhf3i0=":{"valueMac":{"type":"Buffer","data":"3h8WmEIz0b0Xi7r0lkfbEkYMiEhc/0/GO3b8UQLBUCk="}},"fC8VocibzjU3usKIyWJglpdceRtwTxEbiJX5VeFc3qQ=":{"valueMac":{"type":"Buffer","data":"QAcU2oAskXuQrRmV6fZVzhya46Un4DHUp2qu6Bk95ug="}},"fFXMkwsgptxHufB7fYK4zaHV5dkCE80OBKj+hluAc7g=":{"valueMac":{"type":"Buffer","data":"9ci03PepgW9OLM9n1E4+YcXu0hJERvMJOB+n3u1V7hs="}},"fFdaAnrIoTkw7YnJkZHAhuZ0BpcvMfoLmLC2m4qN7LE=":{"valueMac":{"type":"Buffer","data":"h9EeEJM01CWL9IO2lzF2HAnOxOLSrlNUuEP4MztHmmk="}},"fFncrcHRh0LRa1xq6+sW9k9FFuw4bo+S058nOPi8WCA=":{"valueMac":{"type":"Buffer","data":"HJOlthjdQWXSbiny/jtV18ZlmSMYni6MjT1epvVqAl0="}},"fO59pmeBd0IBrLHERugXxvAydzqFrR6o6cCMjY7a6f8=":{"valueMac":{"type":"Buffer","data":"SnJqGc983Eu/mlCE6+yTTimE5TGwNiMvq0wz8olM63Y="}},"fVexd8OzO4ebUtqrDa5INARIDuOOw+H3Px9SKQRyt6U=":{"valueMac":{"type":"Buffer","data":"o085G/xGI7vGkgRNOQlriJADZHCJqMGApP6lvQyOXAk="}},"fWBaweWPhoQXFwE3MuXNPhCNQpCJZ5jOPpEqptTfG+g=":{"valueMac":{"type":"Buffer","data":"k1DVJqSno8Tm2uO6vWmImvM7SEFB/nrlbzIo3igGKhA="}},"fayP4ZIhhvz9Ohx0MO1/mZHNft38BRMKU4jSySvkkmM=":{"valueMac":{"type":"Buffer","data":"bB7HnM8mth7P69jZ/m2DQpqXj4n28+f73XbdgR03cVY="}},"fgleACasN7r7X2PhWb+YWBrwWQwo1A+jMb6Hlvza9Mc=":{"valueMac":{"type":"Buffer","data":"1bQWs8Fe8nxn0sDcN3mUI05JX/DElIiz3h7iWPV4vnw="}},"fwCC/HuOeu3QtOXdivzF9XxlcEMT6IEkcLos8Q2aPU4=":{"valueMac":{"type":"Buffer","data":"L1eE3TqotRn3vlWWRgU5eVm5RcOnPEEoc/d+OdWwWAo="}},"f0x8GYLruKMbZGS7NvZAHYAUpTwkWSSTevR7G+bTH8Y=":{"valueMac":{"type":"Buffer","data":"N9L1BHirz0kCa8QxLnaT8U5l3iREu/EAJWfHWYJuoUA="}},"f6LV8b/DGj/yqyEPNgdIcAgVLhZjBd2ycN/nUqTgakM=":{"valueMac":{"type":"Buffer","data":"ugLUcTtrYIEJnD6qT8GGsdQbOglbw4sF9uh6X1W0Crc="}},"f+634tJGyWysFOxNojNX9En7YMgKG1q26GmIBGK1Oaw=":{"valueMac":{"type":"Buffer","data":"58UeFilTPeCPVgKI7n0nq545MmPqk30RktJP80vAyL4="}},"gAAkOYy8gk3nlzoQtTknClEmuXLQil53skb7cpzkkcY=":{"valueMac":{"type":"Buffer","data":"YqXklxlVrEIj2yUvgZZBUx8zjAyl/rB+AYJm2MRLGUY="}},"gC629/D78UUlU2j3AaayAg34X+42pkpG5m1HZPo4WNo=":{"valueMac":{"type":"Buffer","data":"37X/X4AzyEwuYqT7u3FNH+NeYeMqaTw1Es6l90SPe1A="}},"gFqDGMgL5dcVvL4m11iTMeR5p9evHmHFrSc+/MuuWlU=":{"valueMac":{"type":"Buffer","data":"4PD/uNqD5En5eeBkdKILovqArEWnS0u9KkB6asc4yFo="}},"gHUgpPh8A7YcZtp5qDKUH/z2fPCrDrvFHZpuQSS9GfY=":{"valueMac":{"type":"Buffer","data":"zuvWbWWhz/CCI4pfQN+wC9L0gnricQTRvgBNN8rg3wo="}},"gIX0prl7KLQbTEEKbWSVCyYi8vRXBOrjW0STDSYQmc0=":{"valueMac":{"type":"Buffer","data":"dMEfZ1HBrjCdIBCT8jM7WGLYeggdZCGaULJw/WUmhlM="}},"gYgxfSccg7NqrwPozgCz+2oRXP7WPctNXkjCAVA07yo=":{"valueMac":{"type":"Buffer","data":"iEs+ywU/WzG7rXKdrmZx9Y7opxXokK6JZkdG/NgGXTc="}},"gkz+b3crltYdxk+mU5/RYrJQiuSUQJS5UA7HJqNuqAo=":{"valueMac":{"type":"Buffer","data":"iUyKYl31R70Y1VuVhYbToKIh2soPNA7NqX5Stq5X2Q0="}},"grbTpKtXbZvnoUDyRED+pY0EtgwSyhNQTCSQWNzsbko=":{"valueMac":{"type":"Buffer","data":"7H2dq//gJF4vapUvnNLTGC9xh8CDpOcy9yfctqblKc8="}},"g1JdhaTltvNZKbWWRsvXecL8cRIisg95+OgbBmnABNs=":{"valueMac":{"type":"Buffer","data":"YWBlO1RtTtoBmA6DrYzAlFNH2pbzdoyKWs0mPJehkZY="}},"g19dOK2BweBFK8N6MmWe1hvjs9ctEzdDOS6s4DyO1fI=":{"valueMac":{"type":"Buffer","data":"lyg6VU5leBQJZKQSiQOLHLhvQUm1bEZR+DcNFhP9Pjk="}},"hFUnsd4Y3BZp1Bq1kBTzubKp45dp2eN0oKyjItCNw2c=":{"valueMac":{"type":"Buffer","data":"rhFayyB9eTJ7rVee7VxRa35uCFW3vObYa1uisb6+AY0="}},"hRHcx+3rnno9HwwJHYCYDeyKBNj2hhzruLVXFCyxxq0=":{"valueMac":{"type":"Buffer","data":"NyVv0MIIkWECXUzGnvpxjjexs/nrTrNmr6Hd2rxTG2w="}},"hUFDtWiNPk910UlTKSo5TF6r+yhW5dDlvcbs6XuYdr8=":{"valueMac":{"type":"Buffer","data":"hEr+MP1hFMB6l7/0fa6ZdX+5kPK9YaWnz3PqHlPHzew="}},"hceG/9/RwkovkZkT/XEUESdBSUXbabLe9gLxrYd0rAE=":{"valueMac":{"type":"Buffer","data":"25oGoZ2lR0ehTUAe9Yjl3ZeM8EW6rnW5de7sotqUqcA="}},"hfPtqCoV/3s2QFpyM8TijvHNqPhIrsTDRgnvNlYxH2c=":{"valueMac":{"type":"Buffer","data":"wzByjbYu0Vr7/KwuG9h9IaWBnbutk59rdYFGEWGHnQY="}},"hfnRyUYJpTKNObcT2Ex3wQAQpPgCzz5dQE2/eXXjhzI=":{"valueMac":{"type":"Buffer","data":"qXpPMmePfHyczsU6B/5gFTVpcaq47dGMTtsg5prlnkk="}},"hi0aR4Yr5tjXUalSEw5Cx9ZVQgCYgmELPKucAaqCzl0=":{"valueMac":{"type":"Buffer","data":"oqU4OMS0OR42WIk0mSZIjBxQqP1FF0aIhqyznlAAiLA="}},"hl60PDlemYvhDfEqFuxnwNdV8NVReNZCUWO/+ta+6iQ=":{"valueMac":{"type":"Buffer","data":"XgKOtyvA5OFGjDvMTXn/faw2sjMfNWQPyeWV1FKWnsM="}},"hno06rl3Wnc7qHntcuYex+csu8Jn5XiA2Z5cJDIKT2A=":{"valueMac":{"type":"Buffer","data":"bYAq5RylYyrOzMhYVS4/HNuIhDm6SHymzqs+qGMypJI="}},"hvsChcCzqmVF0260mpyHPT5Je4H4H36VocfcdEdALkY=":{"valueMac":{"type":"Buffer","data":"ts59vp0/jaHUyjlSXNv7NKRe2VQWhaBe9dhTqQ5q6+8="}},"h/MKS3CIWyR7FfreJMk9F7/gzzmwv9o78/LHLm4LvOc=":{"valueMac":{"type":"Buffer","data":"lS/o3FIwVa8C6FJ0f2TuT5eVvzEdzoNWU5/RSE0o3ws="}},"iByXHVlhMAGIPpyimcvp2IcVmzP1iVpJXymdSWxFNG4=":{"valueMac":{"type":"Buffer","data":"XqR4vJ9qCWAuRmkv+qraAkEklWHmfVgHCz66+UEgLWQ="}},"iDwx6rEW0IIx8+q/EIN/Pbi2BkbJWpjnTKDvv36XLzA=":{"valueMac":{"type":"Buffer","data":"UkaoOIJnTthez/pS/zDlDZCdUxUPMdQbGL1zdCEGTQg="}},"iGbkgRXUvV5SX9RjfWJPyhxvFaIIGRkGe36RbStyzYA=":{"valueMac":{"type":"Buffer","data":"bLo9jQ/XZlezcG3dGHBPmFJ3cd7a42nT/c8OUCZ5TNc="}},"iJWyBPg3rLA7y6MxXwHCHpgPLjvjHSQ35sFzTO+/TwA=":{"valueMac":{"type":"Buffer","data":"0n2rHZrSwJIHfrA4U+S6q0zDFIfMg0+H5xTD+ZLPen0="}},"iRvDlIShejlGqJWjIwAoBemg85WsFz68JlgZByiUz9c=":{"valueMac":{"type":"Buffer","data":"+hAk/sdBOAL4c69uYiLp85RzHpgAI3LQwFtGrcB2Oz4="}},"icSzVhTZ0MnlHzTF30/7zkUbpVYRZHVXeCi4xU2BWos=":{"valueMac":{"type":"Buffer","data":"Hp47P1AWwrKOl5cvKt9n1izoLy4ka0UAOrI3UToBZ8o="}},"ipS9SU/CJcUqlVqP9g38awA7xFXeZ9KTf3BqCiKWpxA=":{"valueMac":{"type":"Buffer","data":"Aj1eCrUdm6qbNP95aBTp9EHU/gnMlJBJI7YKwFFMO/0="}},"itWHZ3e3PillJwbIusr+TBB2BIa2pPC44hlQeev2sXA=":{"valueMac":{"type":"Buffer","data":"/AOWHKke7h9FsrKi0gAQMiKYJu+Y9KJKqNWvOu2iqso="}},"i3qf/PS6sDrLR3G4IEZNlA+ujUDFJ2PqEH6uW8GqH8Q=":{"valueMac":{"type":"Buffer","data":"HPk81UHxLyGzzWQ18N7nPGs03OT8LiEP9FummXemNCQ="}},"i5vDjR+NDeevgOHxCXjQ+kTe4A2vsaCSTjUoiq3LOpQ=":{"valueMac":{"type":"Buffer","data":"S4RbX2b28iorJwuje1yCa0tTNZNYLBre7aobde7fbrQ="}},"i69uZOs2uIQwpxX59aFPm+EJSjgXa9/56AoWh6cqOEU=":{"valueMac":{"type":"Buffer","data":"UftfXh+h4ZxmZumQQciRSGajE0gXHHlJmgFRvKfNkSA="}},"i8kuiR00ZEcaxxhNcqvmLS60y6UW3c8AL7mPI1xGbhs=":{"valueMac":{"type":"Buffer","data":"GyWHUufcwD75NxpKi0XHuHI4f775nILxw5fteIb/KDA="}},"jF61Tioj6j5tYaMgvCiizHRVpRS/ff7+rloaVWpNkFQ=":{"valueMac":{"type":"Buffer","data":"J5Gz2vXOOJc7X+2DVUUMw1WgqgOtluPzeX/44OoT97U="}},"jSSFaJvEU+FSTTtHPbT8Zd1ZMYXKyofXP/WukKPC7OM=":{"valueMac":{"type":"Buffer","data":"bxzxHR9ygWmU2z3hWB+Ck+rOJxHpTCZGwhr1Qho52EU="}},"jWgtPTG4oNbAmw/2ATo0keMV5DDRcW7LmbQrbrNmo5A=":{"valueMac":{"type":"Buffer","data":"8fqlqLfBO13qIndXZQAGcvZzUwRu+evdquGSdSEET2k="}},"jYSpz/yJ8dITLNDcAdwIIZ/q2SEvV3W4om/C/23N6Dg=":{"valueMac":{"type":"Buffer","data":"/426rDWP0ngBMDP1+yyD21tTDiJSy4yun4uUh5rbpAY="}},"jmy6hyw8sa+hiz2fyYctwTGBHxLTv5X0GiYx4UjSkLo=":{"valueMac":{"type":"Buffer","data":"Vh+2Nr81nuL7qN1jFtDipukLaQ+nHoUPfEj7NEzpTUI="}},"jqX1ycNvFnabFiwvkgtvx84V7VGPDPC4gmgFlJfjuiU=":{"valueMac":{"type":"Buffer","data":"8CFmpVK+rBJgDITfE7HdpFzxlEY1hqc5b7FY/WPQFl4="}},"jtHaTjloEfZfk4URnrwPk0SAVvKWO5PUU9YP8RbZ5e4=":{"valueMac":{"type":"Buffer","data":"osWO60kl884AzO2Vns/a6BhI+VF6k0f/+8APUyxGuF0="}},"jup5mqJByhJL/vL6t6aoSp7p82NZXpZngPHIrtH1abI=":{"valueMac":{"type":"Buffer","data":"VGOxYD09yDu9ApF0qoh7uUb9DXMK2DbHiaNLGDw6rRw="}},"jvwMbjiw8Q8omh5ZOo/SbTZ4fibHaMjX+fRjA4gpfEU=":{"valueMac":{"type":"Buffer","data":"uY7BY6cdcs01B/ndOYlt1VEkJQ21K+R+aAT8YeWkWk4="}},"j0FsU5Qls1KpbTXCmAFbC81l85y5+5BhctphTy5nfGY=":{"valueMac":{"type":"Buffer","data":"JSEDr0tOf7ZpNwn7Eysxfz8gJZGqMWbV4Pclgyk5Tm4="}},"j02PjlOzePUI788LUs9Nrevf2sTPTJDe6w2RhlZpjV8=":{"valueMac":{"type":"Buffer","data":"Uy6nrFT7Iq1IAxDpFK4cnBp/2wGf4QxX1X2yZX6FN3k="}},"j40ALrFnOUzKST3X4b12Cx9tpYkDjlIF5ppxWtTgj44=":{"valueMac":{"type":"Buffer","data":"UlaMtQelyl5i9gKMwgCvFX8b/UMHRmP6yBaXgdWvME0="}},"j74PWzKkXaiffykjm6Wh5udMYHaB281lCCLRR4a82As=":{"valueMac":{"type":"Buffer","data":"q+IV6cbaFTq2kgvCUGZtXXjU5FMcZ64XAQDrFqSplmk="}},"kCcA1CnJ2/LlAHg5UTU3vWHa8wP9/JQH/WuQofc0Yqc=":{"valueMac":{"type":"Buffer","data":"a0FavAi+8UuKH4keMRmjEKE7tZZYoAc+JwlZkpk3yv0="}},"kIajmGEwlX6o59TIA2b+lttmw3688q7bpmys5YMwYCM=":{"valueMac":{"type":"Buffer","data":"OYqcZaCMHlrkAGmcPR1KSNoOwMTqY+1zddX0S/EFDxU="}},"kN2Kg+Xv+pFhoeRVeIsIRf1r9pQ/RTSzaHQAaAV0fFo=":{"valueMac":{"type":"Buffer","data":"bj6lKukrCIBaXBH9wU6HCXlwxBzcO8EhFMB+WXob32w="}},"keLR2etb9otQbZBHtZsBOPaQFKnkyUMhFEiUPFyS1xg=":{"valueMac":{"type":"Buffer","data":"xC0vhAE2WUcmi4RNSaNL3RVbXv/R/Pr/yf7TnIhQMMc="}},"ke9vuvzvuLYimb7Jh1vOsCqUkrl3dNLVRU8yqfm5jLU=":{"valueMac":{"type":"Buffer","data":"qFFnJQNpoQLSUwxuWsKi/t1HPt6kA8yJrXRvzYIMDOU="}},"khT8tJc3NS5xQtC8Vp21aUPM4rkzpOn9lVZlLntDFY8=":{"valueMac":{"type":"Buffer","data":"mySutQB3IpAkVrcgi+q+oYjBfBgcKFr6sT/LZBWC544="}},"khtH6YQ/DETqdPLDr+DsdK9QLkQHxB4PY5GHD7tGKRc=":{"valueMac":{"type":"Buffer","data":"4DvJpRMA/oGbtt7FCzeJVQ6ZJe2N8Jqh1mpuqs506QM="}},"kpVudRXgLShVTxA92Pzo32aFlKOBmKR00UAdZWJU2B4=":{"valueMac":{"type":"Buffer","data":"U7mJTsAQO0KbUCiPa7mMYveSoKGlf7l1sCXR0Nw5h7Q="}},"k8E0S3bAQK2WCts5KqTg+mHuCPz53ayW46X1S1Jn94s=":{"valueMac":{"type":"Buffer","data":"2lFSYQt8RhskB3Fy4i8rGaExoqkdDrVIi7SI3tk1ZXM="}},"lDG0WW8FHS0gIxDaqtr8C0VxNFpds1Y+WvdfrQBaySw=":{"valueMac":{"type":"Buffer","data":"h14gMxMeRpqSex5YZebDIA8jUVsdVWkeyv/JeVHy8V8="}},"lFxuRxC2YGEaeDB1kAXYlV5c8UInL5PuOad5iJc4xVs=":{"valueMac":{"type":"Buffer","data":"RpyRhc6eFBNtLsAw4it2DEzVEQiRW4d9xxY36YrELyM="}},"lGpeEnltAcFMUu2J6seHXl/mYx19gfpSxD5ppbcGaxs=":{"valueMac":{"type":"Buffer","data":"+TPE7f18U/txkQjnWfUFaHiVYo9401cuvHm+ZTHJB5o="}},"lIjW9bY0i+zVaHf3gaKu1HSKY9rKz5T5rdq0dhqkEMo=":{"valueMac":{"type":"Buffer","data":"2noTsD+NKaXjqMMezK3N/rmMRWPcfDK6nE8dFi80XkU="}},"lOTM7NzXwZAefaQc9vkCsfz66OfFcTTTRpCcmru/wO0=":{"valueMac":{"type":"Buffer","data":"XGZN4zmOksnVJK2WfXiYDUUFKXCBcSCESdGsxnAhB2A="}},"lQG1w3moiU29o+b7UZLfviOSTVycWXtwz4vB8eJQMPQ=":{"valueMac":{"type":"Buffer","data":"/DtiyX5DixU+8wllTrrq/FiUrREsnd/O2VpAUVzKcS8="}},"lTElvH+pCjOSsXkiGIq8lzUX3lxuTM7gxTa7gpgZ2Vg=":{"valueMac":{"type":"Buffer","data":"YrHSNzyOUJusQHqrMLKpjneN2zuPCdjTzK1UpYFnV20="}},"lUs4ak21HrPkFEmXYVWsI4cP9Rk6I19Fz+odeUawLMA=":{"valueMac":{"type":"Buffer","data":"QzyPojU1AEa7YfDm8IEIwYPCz20dc09pUOXwlR0UP9E="}},"lWlxVtodE376NHtHad+ChJhexTfgucgqKg+TNBsI+ow=":{"valueMac":{"type":"Buffer","data":"61zIgyRNTRWzcIYbISsQ7AcezwUTKur2wYkS9VgYmmM="}},"lXQaEuO7+tTyJgAtXWI5/UdLIwVZE2kC5y5zt/jmPw8=":{"valueMac":{"type":"Buffer","data":"UQa76fOFIvpcFuuL8ldGffkhgrB+x2euQ7iTwArcHHQ="}},"laL7kPBFIYubBIb5ngIVwxXswCXiUEvXpLHGyUbKjsU=":{"valueMac":{"type":"Buffer","data":"zDT86h0V10wtgB0ZvdVcwm4oBsDTM6i/o7TOcufAYKI="}},"lhSuvYVHXpezH2+U2dNRf/tAkcD9K+NFKzipDkPjczY=":{"valueMac":{"type":"Buffer","data":"EjrkArQPaQ/JZc5SeFTPpnqNbQBGrIWrglTiI/vGLU4="}},"lrOZpHFUciGEkq8sKvrYZb0I6yXc9uETvpXLXKO/Smc=":{"valueMac":{"type":"Buffer","data":"VxnRjlrDy6aX5fzINK7+zpUDy+c/iwsrdGpDPMVGoGA="}},"lxN9w29TdsgPG3OnUkRy4/n6IhKjqe34+DfxLxpO9Ok=":{"valueMac":{"type":"Buffer","data":"ky/ppmlpe2GL32ACD6alpX9QVbMRs8+OimuDUcW5VHM="}},"l41E3/EBsZwueniaqYmwECso/R4e/1ij0jMrSctUdL8=":{"valueMac":{"type":"Buffer","data":"knk2EkgoEp6pVG0bXHJn2NVr9vIKMJCZw/sV17ocx4U="}},"l5aowlytuGUCtimdDj92bo8v1LFshCZjudhJsTL0H8A=":{"valueMac":{"type":"Buffer","data":"tQP1A/EhtYrR33r5LlXvXmwO4ubsWuXoRvcTuQqggBU="}},"l/bEVQKDTezi+lmxPAFQVQKkLULXa7oKSL8pDl7Mq64=":{"valueMac":{"type":"Buffer","data":"ikLK+ZCFuera/OjSoeA4ixVMyDKGyExB+Y2XSLHQsGY="}},"mBmz7FZyijBNINbDTOepBj4TpJpLCQ8vvCFfXC+iJ/0=":{"valueMac":{"type":"Buffer","data":"c36cz/e4Hk+TQmMxhuhopA8Exz+GWfvv+zSWoRMr0Bo="}},"mDUAI3Z8GP/2XmyslO+p/qRreiIujvK1bhiPs0PQyjo=":{"valueMac":{"type":"Buffer","data":"6aLqwLmIbMvJEZ/HmtGyzG93gLq/s65ylW3TCSpttIE="}},"mDst8MFqL8toufEvryY/A4vU5FWJeSdolg5uNWdpNxo=":{"valueMac":{"type":"Buffer","data":"LTijXwlCh3iUFs7tCKcWA5ZUqHSFiePSYBJXzyzVxFA="}},"mR5nR9cZrAkNkqN5EZqX0dQH7SAgQD2Do0yo9S/Q2vQ=":{"valueMac":{"type":"Buffer","data":"q4lXY761UcRB9tH55RZmc2hOpbie9CDTQ5F9dwKC90c="}},"mgiWWh5LXZPSMmvFPgDYdDEVF2sWTZ00jTBaveG1Vn8=":{"valueMac":{"type":"Buffer","data":"Iomnv4alFQhZGzud1ic8aLdfrpRJXrdyQXa2e352Q0o="}},"mjyd78FtSyIGgiTRhnStycSD3XO1EP1merhMs9mlqeE=":{"valueMac":{"type":"Buffer","data":"VN6vJTJ6QPkFAb9zGLREpC9Ubk+n06Rz2mJt0Q9tcLo="}},"mkU9qmLJc2akOrc+SKdZAa90Al/MVDK1Kv2P+OggGMU=":{"valueMac":{"type":"Buffer","data":"5QN7z47ytpfgV5xC4OEVjffWreQeRb7tGKN11KPEp4U="}},"mkjWPpkqbit8G4GFKhjjL+At0tIoCpw3K4Otu2TAlvw=":{"valueMac":{"type":"Buffer","data":"jBHktLKUW4aYpyHjsu9VHzQsD3mG+EPbD5i3u8OwkaI="}},"mkxC5/yVgqtLrOtZ0H21p5bPbXl/Klhd9nPjv+CA7Lg=":{"valueMac":{"type":"Buffer","data":"mggCbDIVvJw1cia/mUcaobjw//DYKpcPVUdPGypxvzc="}},"mlkuXtMviTpvhXOqIT/j1rzLsN4UH1Rpk7FIDny1mLY=":{"valueMac":{"type":"Buffer","data":"vNM2aNs89Y8fve7jSyHdmkFhkrmLenqYIf0VeWlU7us="}},"mqW93djzbrmILkz0ZMCeaw8zw6Jz22KnGGWjFLhu/GE=":{"valueMac":{"type":"Buffer","data":"9EVKbdSq2JvLqtpOzPZ93iydvELIXVmFPp0UKVjGnoc="}},"mrfh1gMr22LXOhZo6YdW+TR+ouvnI2/ua2DAuw4/BY0=":{"valueMac":{"type":"Buffer","data":"LVmwtPtNJUxK91vgOEGIyiba/OJjc7RUdM7rBhH+PAk="}},"mwrleedbFZAy1qN8+Rc4WQ2XbticCUEb8LygfsRxkrw=":{"valueMac":{"type":"Buffer","data":"9vP5pE9hGEXU0pHtbGJA0/Ji047wYdUoaNBzaLficOE="}},"m0UlGcFbN1+Keqvn0eCPi3FIsnpUVqLfWfz9EDbMnVs=":{"valueMac":{"type":"Buffer","data":"nzA5x1TB6hqMutRwywp7kvPO0YVn3UDiMOh1mh+C0bc="}},"m1m1Lo1OCZw/juvwEgw/SRvTc2JLAADSw8D45JZcnso=":{"valueMac":{"type":"Buffer","data":"rOP9UCqnr00pdpo6MIKMM0caMI0uvmpqx1gg6OxbL0w="}},"m5vHqMzb91wqFV4Mh2+2vw5NOqj61hDMbp4KpckVXXU=":{"valueMac":{"type":"Buffer","data":"haO30A9Vu6wq+Q+B0fK2dENRnicjTrv1sUJ9XOuvKlQ="}},"nDA7Wi5sSlw4GLgAgMT2HIPVRfkdcM2/SpemJMhra+I=":{"valueMac":{"type":"Buffer","data":"xgoxZEV+l+QYFivvpuLUES7kU6Tlk4X/K4TTkAHIYW0="}},"nGqp3LSDh/SUT5GwGalzBC51irMFQJNsBvDG8y6h6CY=":{"valueMac":{"type":"Buffer","data":"iKZidSvK/CpFn9NUBg4c7ZcCsVv9KQkpnmYiAuIqs2k="}},"nJB9Ji5ETU2hQitmRRhdsjouzaUXkSS65MOLWtsDQRk=":{"valueMac":{"type":"Buffer","data":"So2yjYTQ150l3ABk74iAvwuYM0T7eV+YrGKW/rwo1uY="}},"nZ1ec5dtW565jySBz6Uvu4fFLcvpeKOM0prXLwCf7Bc=":{"valueMac":{"type":"Buffer","data":"10s05tccK8tyW3SGQ3C4e21253yB7wpv5NUQjvHQOTI="}},"ngPwfx/mMVJxTYa6jwibcCHSdE10bBDjc4UKR2H02fQ=":{"valueMac":{"type":"Buffer","data":"jk+Q5JuHZHiYq252bizbC8a82Bd3NHWj+KKFlsQ86Ko="}},"ng1OHis1lMVUWIV8kONpmqyqjJbISvBr3X/tpprmkXg=":{"valueMac":{"type":"Buffer","data":"4BGVhgHolD5cQVtDnIZS0UhhD7BUUjb4dJ+ZWDrjYkk="}},"nhDlnCuEAgeReUPe+3F90wLNIaMvvU7EDulPSMk3ADw=":{"valueMac":{"type":"Buffer","data":"KSdgxA95o+hOiJQEwL492VvRrSVI/ONe95iH1vJQJT0="}},"nm2jZeVbV7FlExWlJXzeZEpaeOGRrKHGkSYwaVuKtsA=":{"valueMac":{"type":"Buffer","data":"bcTdiXNZjfe+SDAcb64N7mXAo26VXAXeDhK0tfghntU="}},"nntdWYHChHV3b2q7EilvU2iK7UMmf/9rOHzvz2CS6Jo=":{"valueMac":{"type":"Buffer","data":"IBFh2+EjUWDUPmUViSc7YSLerSqB8YexBT/xgsqCVU4="}},"noUBbwnVUrU5IAT/3FaaxVp8zsIdHaHVduZ3AzOsWC0=":{"valueMac":{"type":"Buffer","data":"UBXv/U+5aBYaV/oT23NjGYKkiLRS2ucfgCfOmYACyaA="}},"oA8+e+LU/MCxSRezH2VYTq5Rq5KSGH4OH6KJSieCcoE=":{"valueMac":{"type":"Buffer","data":"MBvPaD9twSPh/c0nJ/pZ2iekUmfQunqJbgdqw2Cb5Q4="}},"oG0ayuiG27/XOTNF+wqedtJORzG9BbcV5Jpun8MyS0A=":{"valueMac":{"type":"Buffer","data":"uYBjpxTFumobMRv3b1cszSmifnyLD38HvGxK79H1/BY="}},"oHDbzPsXlGmnt+W9xFU+/CmaDaGJ+m3QafjOzHDjqP4=":{"valueMac":{"type":"Buffer","data":"9n/Zkn0kWWfBo7F6Etc19aqRXn0zKnaQzvPkuP8Zh7M="}},"oK2C0yokc0WXK/+a89O4LKQcHRlKd7taKO2E1I6zEnU=":{"valueMac":{"type":"Buffer","data":"E9ZSMoNrJrIGz/VF5lYQqFhH1rQNMLIbr0vTMcPnyzA="}},"oOckavn9uWHHzkbWiy64NTcQe8HnNi0IMkbuNtvBYNU=":{"valueMac":{"type":"Buffer","data":"bfVXERcYu2GD+2QsdG66/lJSqwrkZqZSjnvIDlRjcjc="}},"oR1KOZm5ZtTG1kRm7EhTXMFqsoJdbtoX5YrrbrsqRoE=":{"valueMac":{"type":"Buffer","data":"lHlMZGhhkCf/w0TVy6yZ/UmTW2YXHoEoKGOtucxJOQ0="}},"oTI37dfzN4Y7I/BTHnhDF7o7dHdUhFp5XNvxHG8sdi8=":{"valueMac":{"type":"Buffer","data":"qeuG4FRS8f72HBK4wZ+TJoNoCMWLyY5/wkKnsweqeYQ="}},"oUQvjbQeHo1t6meHnvBYiHJ7F7Myynan4VuyKvOdRho=":{"valueMac":{"type":"Buffer","data":"K+tJfEEA1pJFgNY/BoWM/pcZKs3SOAl6govvDDyvEeA="}},"oYwzGyTJ6WCtWd+OZDk5WfMDl9BCgxvXzBaepObuglw=":{"valueMac":{"type":"Buffer","data":"EuWZHglITEGR+WOWrbtruOQciqp9s3soO8PNYmSiRq0="}},"oads5CCRzTm8CNDN/ZYQMszBd0aRESUSG1s6iK7jK+U=":{"valueMac":{"type":"Buffer","data":"ZE5Z/wrMz2cQoh2ovr8t8c2oTMtYLl3Tf/4z9TeNRfU="}},"ocWMtvtWv6lsUkMXBIazt6rWniKjJorV+4BRCxUHLsw=":{"valueMac":{"type":"Buffer","data":"kShN75wu++7Ad/3ItBrSB60iHGqQZtA4K1KiyrUiaQc="}},"ohIDHWFJmc/llQQ+S/GysPas1867zGys96zncP3dQ48=":{"valueMac":{"type":"Buffer","data":"flxYx+ioxIAgWRl0YcGzRpqFn8jzW+7l7dX0kWBYFQI="}},"ooYc1L/ZDtYoDLFuPLrVjn7EH+Wt6uknyFp6J3H6B3M=":{"valueMac":{"type":"Buffer","data":"OgbbYhhQE05GJNl4//rHlJqXzQio4s81rAwi6R8d4E4="}},"oq6/uLGhyMOIpQRo6drFUSv4V4FdcxgMa42Vp2xJMCk=":{"valueMac":{"type":"Buffer","data":"lY8bULbKMpilkGeYvivOobmKVfBAZbanCMib3qRz+bU="}},"ott9+RciuL6aCXAlLMkH4EIyiyUBPbCqspb9mKlLEJM=":{"valueMac":{"type":"Buffer","data":"n2hiYVP36lzGdXJ+nLMs2zY26LNRWTv3zvB/Ew69oRU="}},"ou+XJZd08cn69/DEzJbWPjitPWDFb7UVPO+2tCpTx4M=":{"valueMac":{"type":"Buffer","data":"baA/eATVJca/zJ17O9mSa4seRQo3GSuqHFfv4lGOp7o="}},"oxyBHHKhTW+uaXuKuLD2Etylo68Rp6ANTKOX97cJhiQ=":{"valueMac":{"type":"Buffer","data":"A/EAVFtLAkKfzJctqX8yeItdLfmpcRxgZUOQtzZLhhs="}},"o6Rfp+a9S3DhKbR68zAQiogqblz9Yqsh9WuTnWsmVSE=":{"valueMac":{"type":"Buffer","data":"qYYkqxw2mJ3e5tyJHL1d/5LzbxF83Up0yAYymSnNElQ="}},"pAnfawqxHCqbwYkrzLTeBiEKZT5FPC/Zx3v3ZTU2er0=":{"valueMac":{"type":"Buffer","data":"KAHGbesdRUBt6pTUDwFPegMioEaH8yLruj/I6KgdfbE="}},"pKxq1qg3KSSe7D8SqWZHHIdyfRUPp2WH0QdO0FkihxA=":{"valueMac":{"type":"Buffer","data":"mrlnxnveaY5jZsDekg1nXsmLXc0KqTU9OAgIg4Xlq3g="}},"pOzrcChF2BX571g8jiKmS2ct5zlVBzZ5dSGr0O533Ro=":{"valueMac":{"type":"Buffer","data":"uy1dAE1vK5mDb2d5wg1/8P/59b0CmN9dGAPuUuQqivw="}},"pTmBJhW4HyG25SbW4nUOUbbHipfHg7YAaYwQR8jFrXs=":{"valueMac":{"type":"Buffer","data":"vWu8Rqge/6PG9eMSQdyPW+XWWF1Gu1jCv96fmVOf4IE="}},"pUNGj8dbcBVntg4/+KaCBiJrCl6GcDoHdenOxtyZhms=":{"valueMac":{"type":"Buffer","data":"RR0GlJLgdQiAMsRhOID/JXcYi6rbUGYU0lWHlnL9aj0="}},"pWAcWI8/4+5sej61XLWrOKk86tenzmdtSISe4+buf74=":{"valueMac":{"type":"Buffer","data":"5VsRL9bOJ2cVY/f7FSMx/+4ackugkK52Bo+Glrm7zp0="}},"pmyz3j2b3QddDQF7ix8fArLEGIcU/62JuV5GFfiU5E8=":{"valueMac":{"type":"Buffer","data":"MkqYq8n2iDhXaQcOA1b2vFRqFl4useRJ4hE8yc+dR/o="}},"prSW5xnABsRGiq3YoozVf7W9mu4KsaTSFKGzVzGhS6k=":{"valueMac":{"type":"Buffer","data":"EIwjAeUfjwoY1B5FUYcFUWG0n0KVqteI/N1JGjqNpFA="}},"prWwFWa62z0csfNG8JLCwByEmzZdJOat3XQrngVSqp0=":{"valueMac":{"type":"Buffer","data":"TcNlo9L7s67T6nee/ks35pGX3a3hsNOLcHBZ3Xb2Bsw="}},"qAI28Lg9NnhNQGaeeIFklWbhVKfybL5JZBSozCgGdGk=":{"valueMac":{"type":"Buffer","data":"xU+YgAXO1ELrxCfRHDOMNZEb9dSayeAAtW18TVChYdA="}},"qHYe4XXjizi2MXcZO+ommFAMZG2LDE2HK5uPhRRiK1s=":{"valueMac":{"type":"Buffer","data":"EEyJzRRpU0dBlIo2jOACy4LumJIAqTyeQ1h4g+ENBHY="}},"qJoC/fghK6I8R9LScgnWfg4s0DrpDAaAoOs9OwsvDJc=":{"valueMac":{"type":"Buffer","data":"bAwz4fH6LDsP/80CqaH8oUk6gYS2GQzxWxY3N9/DMkk="}},"qQQ8uBZnjVYaMKH203BFWCifO3rGFxRwg8NxNwS3sPY=":{"valueMac":{"type":"Buffer","data":"wwvsrZFvJ4s504lWtJWPiltbdb1wG9OKIaUFnqbnMPI="}},"qaQ4cqMt0qumX5FkQyasxhgF3F2gXB6k13XuLAquvLI=":{"valueMac":{"type":"Buffer","data":"OkD9uesG9ughySXnleonEctYtxMdgvSDi0tUmxMMvPY="}},"qdtF/iMJsYGBZZiSgDkAVp6I0ye3AqEQFFsXC2Un6sU=":{"valueMac":{"type":"Buffer","data":"mmrPqQOsaEJA12WPBR4veyB1yGlOkmkJJjbNYWlAbVM="}},"qeipUxdHpNUJNYqsLDcuREYCwiy8DzMa1ex0HNwOuA0=":{"valueMac":{"type":"Buffer","data":"hnZeOaOeuQWwTmBK+qNcJ/B3NB8PT+20bxJ5yNKO1Wg="}},"qkJ0zXAWg6aj0KLQEpJRib2lTc+7CjIV3nXrs45BO7I=":{"valueMac":{"type":"Buffer","data":"G3u/p5BEbii3w/lKyQEIKF0WJ/aBINPm/trVthIlrG8="}},"qm0CilCYV8QLCnTwuMb4psLNGY8YldS0XmKPcnS4P2Q=":{"valueMac":{"type":"Buffer","data":"0OU0JsGK26YZMRAh4MHUL7AKuJon/MTRS+u2N0FUBJc="}},"qpUpnibLHxND6oD+A2NwjePsHzV2Lqb95EOucKQxDso=":{"valueMac":{"type":"Buffer","data":"IcjsKwlCyQcV6VGSfhtSpgqtWapL/AnF2Ms8ck8FUhM="}},"qwDZXhsrcuFv3S1FxnBvGhhlEjgb7GLaeII5B40wra4=":{"valueMac":{"type":"Buffer","data":"H5jPsH0AFoMw+jEMRFgZjI1ij+AWFF9M5nrAMC6KfyQ="}},"qzX5L4SRpKpc17t5WXpC+7+ZWP1tITgw8F0T+bTgZ38=":{"valueMac":{"type":"Buffer","data":"hFQKZRUzsqQoyGu0Vna/5yVAAw9BBp10QFM9lLpwueQ="}},"q4I6cKOanos7QHkm0ArtsIIWxWcMGg8z9TubnOFWWwg=":{"valueMac":{"type":"Buffer","data":"wQaIvojZaKXEbd6Wve6HuDkCfSZe4sEe1/D0ctx4Kco="}},"rBmyVgWwDLmeG1XlMZLC5BxLlUOQ+6Ej6M5hzC5FC0M=":{"valueMac":{"type":"Buffer","data":"ZIM4L7Up02JbABdST+Vs74V+NWbrepvYMRwF8SzeEc8="}},"rb3QAbS+Ny/0kT43loPd63yeRrOFTplvB1Obly7S398=":{"valueMac":{"type":"Buffer","data":"gawRVDCDiHuz0TWc7pUiXyHsmF5zRS6Tj6xIdEHLzF4="}},"rkUVKhOf04NOrGSIizldxwiqCv3IHVENKroyN+XoonQ=":{"valueMac":{"type":"Buffer","data":"LJHggM9ZBmmbvdx4IUkBz7TFDlSmMXgzlMKk4OACtfY="}},"rpl0Er14at86cYRc6t4tyFlRcaYoq1agvZ5dRK7O3cw=":{"valueMac":{"type":"Buffer","data":"tU3AIX198stVkUhcLqLqMErdtQtAAXABXAs4woThbQg="}},"r045+IeIqL0rzOrbF98g9UnBDx8/CNcMpclI6UcjwHY=":{"valueMac":{"type":"Buffer","data":"Yu0WGFxUyDEt2IzoeyquN9LsHOJXrSP8IWcMcp34Vs0="}},"r7puKCmRKMvEcqkieueUbQiJSLDQdMW+IGuIP3cE7no=":{"valueMac":{"type":"Buffer","data":"DM4t5pM70Zma9adrrk8rFR6xXFGxKqwacMgcx0wDF6U="}},"r8hV/v64EpAXCEfCrQyPk2g1ZLlLDMIl5xHGvn2gPO8=":{"valueMac":{"type":"Buffer","data":"0qV+9tdIkNzAoTqKjN2HBGSf63WluRVgH4xW5sDMAMg="}},"sDeNCWewFyQzkw3xLw5tALwEAZSWeEie00kc3FBxndE=":{"valueMac":{"type":"Buffer","data":"MDxo6GKGp//Rh5QMxJa7G5HthI/yDbpSYlgOx98ZU5I="}},"sK9/C43OSIg+xo7A+ojzsRsaV41d7zaYnN/93hhhvmM=":{"valueMac":{"type":"Buffer","data":"5bq2Gr+z3T0FOIi/2EHEn7cbT4GLqePa2ov6x85a6WA="}},"sNehi4P3V7+LPNGMCLvR11ObYiDYDJocpFsFDPbivAM=":{"valueMac":{"type":"Buffer","data":"CX1o2L7dt1Uh7WwgZwf23lp+zC2sRXATxdJcUy0pu2M="}},"sSoD1gZR2qQBAYuh0rEp51Di4X2AqBLREEaX1VC7cJg=":{"valueMac":{"type":"Buffer","data":"KLXety+jPOCPTiS/8yQaNI0TjvlEyXW4WwTMjdgH694="}},"sWa/pl+jYynP9Kq3HYVPb0CQUImUCrl9bgsYOzuI2Ls=":{"valueMac":{"type":"Buffer","data":"H/TOK3wna4MVF6Oq6DWVmJ47IDH7dDrILlFeTZi36bU="}},"sf3j2dNxHGp7bYdHjSS8QDq5ZVACDlzg34C5kSM3jac=":{"valueMac":{"type":"Buffer","data":"Zd9vBX69Kw68U1Ahs9EXMGLxP3fIZ8+o6P36OdGpNqg="}},"sgOQZR/wRWruAwnhEcf8QCN5TCOkUqCGWK6nl/fPumg=":{"valueMac":{"type":"Buffer","data":"FBS8WU93o0d5mLwK8xzPZbyrn+qYjxpfIPYlQd+5XcU="}},"skC2UsSeBJl2wnzl6uCGM4cklinA1Cx471NeFQZ5mFg=":{"valueMac":{"type":"Buffer","data":"3U0HLNX1wN7ac7YEcgXSbaZihXX+083ZZsR1lf2ycLk="}},"skPGnPPHP5bEX6JpdW3Ubo52PG5PzRRIh+TYF5KabYo=":{"valueMac":{"type":"Buffer","data":"ayBrfM015lnL4paPHFajTHGYUzvpEH2bBg9rtRsP2Uc="}},"sy3gmNV1bgQeAgQ41ubJ/5C98gmzz/Y5QOtlE8zw8Y8=":{"valueMac":{"type":"Buffer","data":"Bg1dulB5ymW+znASzGwtLZDHZc1mquz/af72dOpBktc="}},"s2hYu+Pc/Ko8RU/Y8Fawfi4AZcQKHlBUeKqxC7j70O8=":{"valueMac":{"type":"Buffer","data":"QqLTX1xniO7A3Dgt72HjA9zquZZjazZiT1PdFi/mCtw="}},"s6bjHrGwHeN8IponUBN15F7SEgv5mQ1jhypLpGUD4BU=":{"valueMac":{"type":"Buffer","data":"ExtbRlGWvVKGHNLfjlGutT/wnv2YLNTK0wvpRXcma9A="}},"tCBkcn1cY6Vd0lmzrtcDQXII8hpAjv+le1Q1LgIRPWU=":{"valueMac":{"type":"Buffer","data":"5WYfgTk/wE9d1NsXSfCphhfLzRDEjMcEHdosZgmzZ10="}},"tC4CG6FwwgMWzTEO7bXPG+RABZHxbW0ZfSYKuC5/6zI=":{"valueMac":{"type":"Buffer","data":"zLRThRjc/MWsML+Ub2mvc7F9U4grJrOVdJsxtMoumGM="}},"tMdcx/CraaWW249DW/XwTFbPdzdf/REA08iAwiD3wmA=":{"valueMac":{"type":"Buffer","data":"zNmTj0R8R4+z4knOFpxRyzc8SplCU1Ra8CVOk9VerUw="}},"tP4ZJjz3A10sHyzUI70Z79yjpL0q/ZGz8E+9eyF2Wpk=":{"valueMac":{"type":"Buffer","data":"rYAKJ2y3yqSmG90VQLnoPJbngMJtDv/OUGsYwhh/05k="}},"tVPTJkX5NHnHa6X+qMCTQc5h2PJ+iBa6u++mfQZufu4=":{"valueMac":{"type":"Buffer","data":"4pk7dy2jPZjibYql5tltHJ3dlVdm5jpArrxB7lNpyec="}},"tXAf926i3alZ8R9Q/2P18b4h7PkIh6uSl7Z5a3TmNZA=":{"valueMac":{"type":"Buffer","data":"XHqNj6t7LkkfF8VWNziV39kGNFCK6SVd7hLwk94VuEI="}},"tmueqw0vE3Z6g553EdB8LQYuuywRTGxtrZlISiuIFI8=":{"valueMac":{"type":"Buffer","data":"C0TjZKXGZUfQaYQ7XsoHVII0ccJdo/0BdpeSV17muVs="}},"ttkCx2GlVSTKF8tzK6tQWWke+j4qgIX/AMdN9kNHDlE=":{"valueMac":{"type":"Buffer","data":"xx8Rs9kgXJYQoRuZZWy46SjS+tqikXnmzmJpHW9Pi8Q="}},"tvScxRnAZRusJB08iBCo/ak3HoaBLRZ4kp4AOJSBDbE=":{"valueMac":{"type":"Buffer","data":"vLrNWcqkEewSVf9uVlJ4ZU5eWFx/K6jx//Xvt0Gw4pI="}},"t/goSLqdRtbqEinMkrmp9IQ781UWbf3vjWGTIkMeFm4=":{"valueMac":{"type":"Buffer","data":"faDOMTMlPDfGuFETk4ff2udYKoI4rPRDSYjnJAARQGs="}},"uC/ujCAkGAf6znMjw6MPuJfgg6kpo36ssxEcFqK6nwQ=":{"valueMac":{"type":"Buffer","data":"Emy2ZOZl2vz3Fiykm4Vw5O49M1g9pCXapvBtnqFU2rE="}},"uJZHkZdqF6FMZPczitI1vahd9Udt8HIr8G0XNHcTpGY=":{"valueMac":{"type":"Buffer","data":"lUNBI841rZw8EwwphmS5EMlqNohfaMW4xy91UwozHQQ="}},"uQp0Jn0hZ0VVQx2Z4ISdvfAOyHT373wTgwpojwB6r1A=":{"valueMac":{"type":"Buffer","data":"TWr013JnsU5K/yaRrbzm920vSRIu2AK7RAi3n4LCd1c="}},"uSkKRI7wlqtRFeY3KrVorRt7qN5G0YYhCmlwNWSga1I=":{"valueMac":{"type":"Buffer","data":"ASaoOezNNm2+30Z8PsLUIV7ssuzQqxZfxqfpcuIQ6B8="}},"uW5Cz9N1uMJbXaD+kv6VCNU4QcVeP6XQF3LjwtEQT/4=":{"valueMac":{"type":"Buffer","data":"q0qMl58cmHwy58ccTrPC43HnqUxw6rURd/P7THHAik0="}},"uf9DD2zu3kJb9yGHSodxFUYA11IztJ5IcS/R7ooLeCg=":{"valueMac":{"type":"Buffer","data":"OnvNkADEWDMMGZg0h9md1VfudSYwysG7MbR20U1RnDo="}},"ugR3p8FX22emLJ5Mlswk8Qi3oDQSFT2aMTNAj5GggxY=":{"valueMac":{"type":"Buffer","data":"xTXYfvALlyf0NjzsAgcMi73c6fc2+T8I4eheSn57dFQ="}},"uwj/ZR3Ft6C7BBzd1TPN5eLs+7WU8bdPKvs3uTCIkhM=":{"valueMac":{"type":"Buffer","data":"aUi0ZPBnWyj50+leyloegCISnBz2e6hdCUU/0vJbS7w="}},"uwnqMt6xCITxkM/HZgeY4r83eLPyMemQMPg4lkczD8Q=":{"valueMac":{"type":"Buffer","data":"WzyGIxbUKgO4wIGkxLpg3/ibFrinvit4MY8/zGCW704="}},"u9ZpAo4aI07YP6QD6K1XCFDt+xrKQBftPfzCPhe1X2s=":{"valueMac":{"type":"Buffer","data":"OwoP5DSj7Fi7PQEh24bh7TrfCc/g9WyTApT3JANMMwU="}},"u/vP8tmQtYZIxiz8C2suvPj6ZAYOvylgK2VtDtKyMBw=":{"valueMac":{"type":"Buffer","data":"RtUzVocxnFY7orTmyHA/XgRPU5auKucW9vZZzHulcpk="}},"u/yQfgRfD5S3S8eqJAcA33Wpr1Gn2sPtp537EQbTGMQ=":{"valueMac":{"type":"Buffer","data":"gtke7jWu27KL7bKkiUQYjk8ORvgKoPRqkCN2ERddH/8="}},"vAaa+9oLC74687y7maaHhwzmCsBbAuWwdWyclmrrucU=":{"valueMac":{"type":"Buffer","data":"0AoT6/FPVyhX0H96x6xFbulNL2oV9RvvDc2Bo35rTJ8="}},"vPZY2STwHuJrDF8O/VaXfA/pAuWYGrrMQD0UbVbfpp8=":{"valueMac":{"type":"Buffer","data":"Z7yqdU1ZB9a34bT3F8JoAQ5AgbuTtYcQHweHzCc0g8U="}},"vU8GIBYg+nm2gim3LGgEyfT99T/SLrvBB0oZuE8vBPQ=":{"valueMac":{"type":"Buffer","data":"0zRGNTiX2Gs1Uzt8RhDtyJUbM/iCglTeyEN9Fl2xAoY="}},"vXSyVgs9KSJ54jb5QOcN8ATNLeaJ9INWcgO5TjBnrBc=":{"valueMac":{"type":"Buffer","data":"l6xGTuI79U3M0Y0N2LJrb6kGRpvDj21Xty2RhViSgp8="}},"vXzbCs2JcPA/nLEBNqlll5gaWbW2HwRcsKHurJuf9A8=":{"valueMac":{"type":"Buffer","data":"qCIh0GNoBnFnFytLy+vNS91uC4tzwraWSUPUTFH0D3M="}},"viWu+E2/n1+5bFePPzKut+cxWpH4LLkk3fcGDtNl6XI=":{"valueMac":{"type":"Buffer","data":"rdLJoRqLO5MDOBjlCrW0BpZr7wDn1KI9I0SMh/mNNyc="}},"vrrV4Gg0p/MZhhmQ/IE2OF3gobveoZS+r7dWKCJSzug=":{"valueMac":{"type":"Buffer","data":"rK9Q9jOigBsR6gtSWjLD5fX6oRxJ2A1P+AR29nyaWEg="}},"vrri0VQmBW3uPWQgr+jsPzuHplhstlKgOWC661iYXK8=":{"valueMac":{"type":"Buffer","data":"QOh0rW+Qdmlr9vmBZZe0LlgVX0l8EauEyQRLeXQmC0U="}},"vs+ZLfirpice6Dx7i/PAgseHKCXCWwrtJ3M/v5LUgq4=":{"valueMac":{"type":"Buffer","data":"07F8fqLTmuMsR5eyXloL0uPDyX5k5wmPm/DqzOx2anY="}},"v59GZXNZ7tpS39MeAuNpSeKXTaHsQNGiZnO3mqqMr+k=":{"valueMac":{"type":"Buffer","data":"Gj2yr9NyXFBzMX0hku2EPnBg488x754NJiT+BHKM2xk="}},"v+zKooNKQK5rCFCwEb7JgBlfQhThnvt0ROse+avle6Q=":{"valueMac":{"type":"Buffer","data":"lFPnRQLGenK3/XubYmHQLHDzxfA1czgKQqFNYWjut4Q="}},"wACG9cedUH7I+rZsHqzNto1SeGRV6VksCf8ci8fR9Bg=":{"valueMac":{"type":"Buffer","data":"+BfrXIulSUI4JrItYauzK8Cr2O8PU9mcoVVS9z2DrPM="}},"wD4G26l5tZ/x5BjRSEwuvLBmMnA4z+2mMbnRezRnNMw=":{"valueMac":{"type":"Buffer","data":"1dETKTYp1CC3Lt8uS3JDpbkNWrdc+NC3O5j4bdqUFZI="}},"wFHMdjHf1NXdflxCnyWnLxMS8kG1L7mBocMB1V05nUM=":{"valueMac":{"type":"Buffer","data":"LPGvV/FUXANvOykZjJKtuFQwrm07DVnPKa42Z1gCfuY="}},"wH851EKLEtsUZSHzFv/CXBu2eaDOMQA+d0DCB16nX/8=":{"valueMac":{"type":"Buffer","data":"ZWb75V+n/wI1uvgENTvitfveQ6PRaWer1obajPl8nks="}},"wKuD5E7ThgXYPLLxL67XLrMPgr2IcqaravbseLXueSs=":{"valueMac":{"type":"Buffer","data":"fkUB6xRYUWL+KESLH3+ZSjCvkoMBr2b2mdB4OAOWbr8="}},"wVHyEUYxosjTzTjFKFEahzYOvlXB93Lb6buDuSUPMB8=":{"valueMac":{"type":"Buffer","data":"Mdu/jmhMN0Azt3N4Ok/7fZXZ45XoOlB3rQUvI1mp3V0="}},"w6pmvFjzhAEr/Fc58DW8+pRFLbGKqFfMp8Zknsfca+A=":{"valueMac":{"type":"Buffer","data":"dadboPRU+o6Uwg4B7u+9BNoaBGyXEYugK5DG4YAXxrI="}},"xRNJzgNBw0sVGAjWLsCcULVR0eGOKtYjRfDG309zK5o=":{"valueMac":{"type":"Buffer","data":"RWtVCaETpBdbMB72E7XVKD7ewGCLKkufyKTVm2lqXUY="}},"xZfRRvTJXblSw3cHmF15F1eQIbnCzvlod8QLj5MTUnU=":{"valueMac":{"type":"Buffer","data":"0qYuFZqvuqZCn7MNaYQub1oySgnThUG5wRbqENG3AT4="}},"xj0q4JfviXfCQ+WLuchCX+r2X7INM+d/VZGnLSn2vnE=":{"valueMac":{"type":"Buffer","data":"//63nUKaaAcJGlT5XG46P6KbiNKgc4jAwW6nB1rC9To="}},"xj+xU0S9BuWneR0o/dLnPvvKxnzxIqMN8aKAEyWNHaI=":{"valueMac":{"type":"Buffer","data":"vqMkYt8/ZQNZhb31CGDTZlCa4ZCRK2AZ0c4luoWJ52M="}},"xl7LagtcpQ3MlmBlNXewORPhtrqkqYpKMEJxyrUEqio=":{"valueMac":{"type":"Buffer","data":"AmHqU9qJKjlAbkmZavc7xay6wf4lHmOccXfc7kXO2dQ="}},"xsA/8yAhVDv9s9vACmrSiJz+OJR7e9YuowX3DkeH5hw=":{"valueMac":{"type":"Buffer","data":"FSdHcqd2wN04gIhND8Fs/CFSUUAJbwJdhRnsrXZ8aKU="}},"xsTBOnM7GiIcrkOX6UK0tOFmQbqnBKJf4NS6O7jz7x8=":{"valueMac":{"type":"Buffer","data":"UkeUFdz1yChOZrC+un6XzTjv82swTGMq1rwUi3FUur8="}},"yAdt54D/1N3hVWs/QzF+RROSTEPcj8W+qVnq3TE1n/A=":{"valueMac":{"type":"Buffer","data":"StiBZXz/kKZBkXmH4t/Yuo2o8j6d35KiWzfyWcDRg/o="}},"yIc66adIelIarNYYKERvmU4csBrzzXtnVuEOLykl31E=":{"valueMac":{"type":"Buffer","data":"RiENbojdV01USV03AtYN5iSTJCxpKvOESJKD8E2RFh8="}},"yJGF0kAYsPlPpYqlfHetMtxO88s9LMSBINnjZoRPJXg=":{"valueMac":{"type":"Buffer","data":"9YSp4BsExTp3FKr8yHIZkxzcbTrursrG3ZUsILszzq4="}},"yV6106EAR9U1IYQyKRiI4w8efYq13v8JjEq4LR4BbcY=":{"valueMac":{"type":"Buffer","data":"7FNBy3eyrCx1OrOPfY7c4aOHqKbDQFF88kVzG5+Pa5Q="}},"yY6Kd/JtLuQ6JZ0nlBfPYP92JzUhCq0RWqlSMNNyiQw=":{"valueMac":{"type":"Buffer","data":"dOSTswF/VYkzZGjJYcjjIOODU7OJwSf+ehqJuoSkjlU="}},"ydARPd7KL+lxvsuLDvTWH/uEwK9brDQjLtmFp2lvj58=":{"valueMac":{"type":"Buffer","data":"pgb+ofQBT8Oc31cTkG8jMivUKKQR+mLtF33A7HQh4e0="}},"ygfFz2fUnzv7kJf2HsjARkdNcMDNCt7bMs5I2KyfXkw=":{"valueMac":{"type":"Buffer","data":"/GR5PEFBIvGWE8IFfH/xOFjVyVvnM6t6tIxZYMuSLgg="}},"ynJ6XtEo3BYAuf97q3gM9GW87GE56oY1K3m+GQk0gT8=":{"valueMac":{"type":"Buffer","data":"iXVmjWGBRsijWlbUriSzoOgVTnIr1Uj6QcobKATAnJQ="}},"yqlaVNZmm3a1P72hQ3un424Sl0RV6Wi+CBjCEMxkDMA=":{"valueMac":{"type":"Buffer","data":"mQG3gSHONcQCMfEiBsSgl7JW5+nzh6bJS3zbPECsYwY="}},"ytRC4Y9HxuhhwBMQ6u4W3RvH2rgxOLQ7JfUYL4bIMxI=":{"valueMac":{"type":"Buffer","data":"59LdsgzY+vw2Zrju60uwbgItxYru7+8Ln0fXeBqFRdk="}},"yuxu/t3WpqW2bB4PBfmGrqgsO+ViUZoRpfbeesqBlDU=":{"valueMac":{"type":"Buffer","data":"/c9O9V2XLAbWNhHdXQZqhLR7NjkxtOyEQwtX8/o0Q2Y="}},"yxLGgn9ZlhbmoyQEO+C634qK3T8mUV4+bQUCmJvPBng=":{"valueMac":{"type":"Buffer","data":"qB0L0OJ2N49faXvh58JWbeNv+blPdaRekHbjzaozUFA="}},"y1tG2OID/6xs8WpeZzXGfO+Bz7Hjve+Vk6Qq6GMypqU=":{"valueMac":{"type":"Buffer","data":"/4yF7Y8JJFhe40xsck7b6395lI+BxgS+IgYKBBLlmQA="}},"y4xQz68fmac4g6uBxp8nr5ui2yqgMm1OjPh7WO9FVv4=":{"valueMac":{"type":"Buffer","data":"njx6isM50H8iTh8D04sH5mDBcOKzsyXcaFZi+/HDxWA="}},"y5xLac7dsdmS3s7pcWjOt6XNCAFg27XTRHbL21Z9Gwo=":{"valueMac":{"type":"Buffer","data":"3VEiOtGL1ZRN1l7dok9Cxw0vIiFA5l/lhIJPqEk8oUU="}},"zD+btzfqUmtYyRA3RJhDs3conS3FBwGRstXYnVEqaHo=":{"valueMac":{"type":"Buffer","data":"86k+MkY6SQe6YydzfvoVQAk+YQZCSTepSQIFnQ408Uc="}},"zHGQkVn8r61TIoY+Iae8Id/AzoyaMSRk19PnzRGFv0Q=":{"valueMac":{"type":"Buffer","data":"x75OuzlvCqi79h4iHqW/DGSH3icb00+btbRF5U/gewk="}},"zIqjG9L0o8h/JbMceIgrgRozYasjcc6Rl5YB2iK0bMo=":{"valueMac":{"type":"Buffer","data":"lHkYadmpavhBlrO8Fns70tj7dgc0TlhiwCwfDwpKuHU="}},"zT/TCZ08dSQiVsVugn08xlWV1KrNEZ1eJTpaXeucG7E=":{"valueMac":{"type":"Buffer","data":"rYHye/efe08ICsfamz+GEMzJ8O2uayt91I0V0v+NBxM="}},"zWJktHdpDgHGDAsj/2cCPrLBz/uZYFLw1GuIWuTpSPw=":{"valueMac":{"type":"Buffer","data":"zVWxAo+bOA47VKv8F0H/FgylWCsWCpJ1MB6a0dKuTss="}},"zkYkwYIJW2RAroytyQch1nIfcDFbOlH7mbD+6rdOza4=":{"valueMac":{"type":"Buffer","data":"69OFuWfbznX/j+W8C+6U9CQM3dZw7RD9bzY1zTFYe/A="}},"zqksXZzWOGQMbh/vYVAC3hZ3T35LnWmOULnoITSnoLQ=":{"valueMac":{"type":"Buffer","data":"sjMTpwEJ9uYu7dgf+RMfQz0HiNRBKow6NKnBmwGnoNk="}},"zuYwn7m/8Xko1sQ/hNPfNgb52pb38eYdgpaYu3VhSVU=":{"valueMac":{"type":"Buffer","data":"CRyU9OUTBOyuX+SmYqUxL2abWtFuu+TdORNQjp4QGA0="}},"zvxOKq430GG/3zJGtTEsTvjX5dDlIl7UJx/GXZ4ze8w=":{"valueMac":{"type":"Buffer","data":"Z09x+SctLcvfEsGHQ57cMHT2SjAoyRuFyxjHUVBPiDI="}},"zxd9h1kuNoydzvsA3LpRdmbGFf2A332gOdxx+bIMLhI=":{"valueMac":{"type":"Buffer","data":"p0fSwkZPH5vUW+JGSTrmw+k8hbG+1IsIUp7vOLCzFwk="}},"zz+owLJk5DvtxOWMqYyyGVXbMNdUo0fjqs6iq2qmwfE=":{"valueMac":{"type":"Buffer","data":"9VXV2KGAoeeYdCSebOYhHtSos6wEQwjfeE6KDn20nD4="}},"z1Vu1SPbI+2vFu+YcYL5L7osSwwMrWPzZVyAZyql/bI=":{"valueMac":{"type":"Buffer","data":"LbVkCbn657icrYqSsAHn3jYVA11TIaYl+kiE+ppgJxk="}},"z7+NgdKptGclc9NsDahUy01rdDXOR1gSJ/K72GXgmvc=":{"valueMac":{"type":"Buffer","data":"FEB/BdxhH+hN8TDzuM0ZzDltUel3Gx0trM/XUmLgSl4="}},"0DWorVA4ER1VGFqECjKbteLXUiIca1UvW+PZbZFyXXw=":{"valueMac":{"type":"Buffer","data":"fPr7+Aegd2HPOLysAJIreQXYJ9r5dEe5k35YvCkF2xY="}},"0D33JPUwR8M2USz++RmoRikffjNic4s9ZsNn6P0iIDU=":{"valueMac":{"type":"Buffer","data":"fyD+d6ocS4YrEiaFOc/tdY+B9YrFuwhqS9az7p/FAHA="}},"0IY3j4lQ3+GKXPrwd96thUTFU6WxxjvU2tefNI/gqRA=":{"valueMac":{"type":"Buffer","data":"LGK4Shut9aMtAvyCsK9ETe9A2flAm525KqKOGDuUedI="}},"0MBXzp12rTdec8YITK1LbBTLRORtLYu+LdvQNiRp+o0=":{"valueMac":{"type":"Buffer","data":"FoMSUxX8N/Otr4NGNM4O6/qfSNVwCFNNtDd4WO5xoYY="}},"0bp4ne4oUiV5apdRiMaAido2ZMUI5Yp3yM8mT1KdXXo=":{"valueMac":{"type":"Buffer","data":"3FM1uXKmI4YwQ+IP47FDa+1FugclHB+xOXvh48GJh7U="}},"0fAnocFruivjeJQ2/cQFilixlr1734bN4cxThtrYol0=":{"valueMac":{"type":"Buffer","data":"VXjtaVoM6Nea8w5WgAQYkNfYqpr1a0veJZRrRzMVyz8="}},"0ixDmY/X4SSU2hOGB7tNpucqr0l6ZRQE5akdHQ8WZCU=":{"valueMac":{"type":"Buffer","data":"e/acdP9eR9VZsAJLos1Bco73DxH8RN2cH/JsbLil26k="}},"0jngX5SMxycwmPcc9cWYHv3DErsDOmGSN5a5MQKFTkM=":{"valueMac":{"type":"Buffer","data":"SjeRh0BTXbacE748RhQdBNxVpQiFYOpHHJq0pIXiDx8="}},"0lWMU+4iLue7hG6nSDuOk9h5yueYgVanrO86bwv5pxk=":{"valueMac":{"type":"Buffer","data":"aZrKgluRTyyPFTlbO8ywD2hbA8I8MS0npAwL3evHmY0="}},"0pL4gZao6cWJMJMQK5ltycSz3jJOUPF/g8pxIrL36L4=":{"valueMac":{"type":"Buffer","data":"2zbUfKWRuRupeOLeHSGwflKwuuMCO4pU5XqrFSrOQDc="}},"0tIkz6Px8ob/2TX7I/U0rntG8Oz3XBeNciCoK8IkhAI=":{"valueMac":{"type":"Buffer","data":"tnlK09czOc7HyfjipuOEm1vlNFKeDVqbYrHjZFUy4OI="}},"0xeTtGBd4ZZuYfTyhASZb9lZTzeO74+d/a/ZBHaHbXQ=":{"valueMac":{"type":"Buffer","data":"sakK56DLYwGBvgoMPvONpWURVoMbrOFlkO0/6aoAmSA="}},"0x76UxmljLosUwf5uDhUEZ6zG9BWAfzCFHMImk126vQ=":{"valueMac":{"type":"Buffer","data":"+dooH9jbfIsRu17ks+76M/o+38IDqSG0lUi/bg9W/J4="}},"00ch3M+xN2P9Z+uMJWzd85TDNR7p37j5emVqVe/j/Gs=":{"valueMac":{"type":"Buffer","data":"HjqTAGeVHiSJOiClyfbvIHZQHqHIDxtZG0OwKndtv9c="}},"05iFv079cHr55XmwM2Sn+fDNv/FDjD+tNHGTPHqFa8Q=":{"valueMac":{"type":"Buffer","data":"sb0WMkDtJpSBLsbHUIBaGTsQqkeecz2bp+6YKNMMnMU="}},"06Go2DAVggkCWSVk/MIwfhJVeFs9sC7IlO0RgLsofyc=":{"valueMac":{"type":"Buffer","data":"dg+y9kBCYzqom7qGSS8NXum1NmbyohtxXeLz+HH2Ct4="}},"1Ed1gJRx1x1d464Z/m8E0/HND4QHBwdv7UmUYjEk3zM=":{"valueMac":{"type":"Buffer","data":"VETij6CtdfGbMatfQ8zJuhxb+OVBcCCHjShtu9mxb2s="}},"1H9pyhdNp5QtEcyZRuCRi2FPHuPmnNB/My3T4R/GDrc=":{"valueMac":{"type":"Buffer","data":"n5Te0C84U0hXRl3Ij+YbOdtms6cg0QiLvu/qS+moJ0A="}},"1M/Y3Usvq3Ja2/H9ji//2P7r5dkNisBOJVEFoEuEgCE=":{"valueMac":{"type":"Buffer","data":"Zinkg5oje2Ysu30Hbm2DDAjT9OsX8lJe28hDjc3Nx/U="}},"1RL4NtIJIzoUjCYqyBf+Ut2BRtlYgz3o8ZTglKETF7s=":{"valueMac":{"type":"Buffer","data":"o2yXKsWRxuKsCb43wGcIYL9bOLUpCktuCGWtT4GLMl8="}},"1ShcDZs7CJzC6eRfX5Odzx7CFgtlXaM7fOmqXurxaig=":{"valueMac":{"type":"Buffer","data":"UP0AwoId1ABX5i0x8JfcMMoa2itOBWv/rhfbJQOTaDw="}},"1a4zVgAMaf6yr7Kgq7ZxYNYEplpss2wvUeAOwskIfVk=":{"valueMac":{"type":"Buffer","data":"jEx37xrf+po1YvfPhpDvJly6IKQzNYbV/AKvMmWlyt4="}},"1lC42sFsNrriu4LeI8ra7pnLhVTe3pKfBkx0ckWBDMQ=":{"valueMac":{"type":"Buffer","data":"aajj7r6jwXQItgR4ok6vb40qtLs+LHqwketvNg2dnUg="}},"1oUEDzwr7BBR9yFN/36CM5Okx1oXqOsfV672mIDi5+c=":{"valueMac":{"type":"Buffer","data":"uExXU0aKWh7qOFAs12nOgfajgfxUrPOxcp2p0+EZdSc="}},"1qgeMTKhcLeHDIr5RgR0ysslJzcbxa6TF3AT57gsN3Y=":{"valueMac":{"type":"Buffer","data":"psEz6Hre2SXNcId9AM8ncagkWHS0tB85GYhwiVGKM4g="}},"1rnHU8ZSl5vUppI0tDqBPBCrExnpF2nMHfzyhEdZvX4=":{"valueMac":{"type":"Buffer","data":"E72FsdmgtqHzNJg/kbqnb9Q7dLzAcFvbvAcV36aF4rc="}},"1ygzvZG/h4X2tcNMJmXnS6MeCanLZvcOJKZ2Kn3ELFQ=":{"valueMac":{"type":"Buffer","data":"OXSiukG7ts910Fei6bBlcJLvI14K7HAMg9MFFpj/bjQ="}},"12BL8sRDg8RkfYoQyA78sFYBApLr/LJO100xmGX0pas=":{"valueMac":{"type":"Buffer","data":"JZulcTQWkb66kBkhmo9nka9Kjeacjua+XQEuirSG8Yk="}},"15VhSoGfZe7hPPfxDSMZPNV0G9nfr78To63ld42LmLg=":{"valueMac":{"type":"Buffer","data":"28/XpxQgZCpb5msk/MjiWiJ3/PSBh5ksN6ygJuoTHzQ="}},"169X/OM8LPB/zYPycFAn0zFc9nbzRb/0dKdG9ULvKKU=":{"valueMac":{"type":"Buffer","data":"kysIVqikz7znQzqmjIavYuWBHMYkV0z+kdVUGYjQ7Dk="}},"18cl6kl2WRReQERUn79ASIv4SZklGkVzpqOjW59zu50=":{"valueMac":{"type":"Buffer","data":"tjk4hM7xZz9f+7+YzdVwyEiRYu1qpWRKsy+GvnGKBbA="}},"1+a/y3VW5pfXtcgLHyRA45tv54NbSmqgdMHjI7wdSQo=":{"valueMac":{"type":"Buffer","data":"Qpf9bGpKNsgOuVCk6BgDvYRat3LLSVN97pX/zd3btKE="}},"2BGTZdbHD02MeEQMIrYF/AkfD+AsDdeaz6t4MxABBjo=":{"valueMac":{"type":"Buffer","data":"KBuTgB8rfO7IlQhE7tzVWKevrW6ijtosPn3KKE9bLvE="}},"2WoUGTJqckg0Op7kI9m4jeByK/96u9XsqefUzfhFeOg=":{"valueMac":{"type":"Buffer","data":"OaZeNxhgZbuBqgSts0Wvf0cfCxEK6CUX9CSDcOJU7Tw="}},"2cLLU/gaLFJsZ4Ah2lhmvXanB4Dxs/sQJxSarcnWUKg=":{"valueMac":{"type":"Buffer","data":"VLB9GRQhQybf8lOBLVztmPkFMLsKpQuSPrPccI/gCe0="}},"2l0A1FJM3Atq7weinZQb4zBipMnqMogNm8IWkWfel5I=":{"valueMac":{"type":"Buffer","data":"69HP7/SgCRWON/50SjmVmBS0nszxSAHouTuQtfdhcU8="}},"2tWMfXyMqLmb/Yh0vjkjwS+4dgO2OWIKJz8CJwRJ+Wc=":{"valueMac":{"type":"Buffer","data":"eggVw9My9CDwqwJu1X2ihnR0RU9e4pQVEHBpt9nHjKI="}},"21n/aMrBB846GwzQZzQf/KaLl3JkLXQ08I/vSL02SKQ=":{"valueMac":{"type":"Buffer","data":"mGzv0PQYJy8o/q9kLHUM2pQNQJ1XCJ+BuN7zlV7lfP8="}},"26FSEaD3E85Fjj1ejMs6YX3ojX5S7h6IMhYUfUWH/ak=":{"valueMac":{"type":"Buffer","data":"VRZA0a+I3mlYhfK+hn64kS6AzHb9d3roqCnpp+OggxE="}},"290RGtroB791vY+R6YustMH0QCe0M3eSPWqVbtfuAYM=":{"valueMac":{"type":"Buffer","data":"E2H69zuFUkZeMelBk1zpYopdiEHykS22SZWqQxCVf0A="}},"3K5/JFFZd5cFUwv/pg4zXWEYzKnPfO65FOZP6T4x+MY=":{"valueMac":{"type":"Buffer","data":"JT6T1s/FEtvvd5NJSFyO7FJjbYO7xgX+Di+Q8ZrqFCc="}},"3NvvEdVyZjRs7DTmHrtyX8d6eK9xRkjIrcsDy4pdJqk=":{"valueMac":{"type":"Buffer","data":"t4S9B7VllUJODhwrKWECybRpsRJHzQ1lqbNrT/DqN4A="}},"3RRSc4rEe5B8ONXCav484DzGRmQoUXDrK/FalAT1mRo=":{"valueMac":{"type":"Buffer","data":"7SGZMq49nh7YrzJC7YNCmnFGk9e5kwM0DUUsBeYkD18="}},"3aiuUdhcQcuwDBBItYHZ8TAklawSMmLbfwZLJrS1ALc=":{"valueMac":{"type":"Buffer","data":"psuHYEJUI4JkxTfHml9tC5g2V4sdu5gPSC8bnFOoM20="}},"3b0iUgBzwCDY83EU1NVytaauE3yjgH6ifEZ3hgmJB8M=":{"valueMac":{"type":"Buffer","data":"n3FAC3bhvwZz5Q+VDBmtqmzE1Yyw5G4gf+6GBrBXlbc="}},"3iZ24KzP75Y7zBse4LJN0MzG0pcnOdcPaRYY9LmAVyw=":{"valueMac":{"type":"Buffer","data":"N9PBrUFUEYxZJRxi2X8m61EiEOntejLLe6ZKK+le/Y8="}},"3lE18yuRChsjJRx1V0NflUldMIlvylkT3xVKQUEgMqA=":{"valueMac":{"type":"Buffer","data":"+aLiDp8wqgNdXa3sKTkBo0CFt/xA4bY46hvYX7IaTrI="}},"3nlcqHrg7OAshMunc8kTSxU2xxf/xIFsMnRxwJ5S5sU=":{"valueMac":{"type":"Buffer","data":"/JnfM1IioD3KR9f9wVKZYxlAsI+PtSAon5vTt1O85yk="}},"3uabFPWIMYS4c6ZBfZ8ApeuRZf7CPdrljy0OsLR+Toc=":{"valueMac":{"type":"Buffer","data":"5BlUSPN2soK/ANuElFZwP2JuLIMKN6Kl79QTAupnG2M="}},"3v2tHsKPEY1r5PMIaXF0TtT3IxVuDAcU6MAYL+g974k=":{"valueMac":{"type":"Buffer","data":"hN+YVyOPCcIEsX2TUFVNZjlUGUbVkiJXf9iCEKnbsSw="}},"32sS78UQWIcIJieB0JXy7joE8PHY7Fs6a9vnXiWi+BI=":{"valueMac":{"type":"Buffer","data":"WZwwc4M8MuhlMfjb403bXnNzsR3zIodh0Km8JGArldA="}},"39r/MScJhO2uo3BonaHU6HTIlhFOIB/wcvT40TlyQGE=":{"valueMac":{"type":"Buffer","data":"zGb9MTsQCvqwk6u7dOAaIc4JdHAQNWNP8q/KYhASx70="}},"3+/r7yeGyiklm9KqMzMJml8dM7G6Hvsi7845nPnYpHg=":{"valueMac":{"type":"Buffer","data":"UwUVF+Kntkf+opKzFcJUJLZxCyc8EQ0pbyC2TjDItiM="}},"4DyF+BZ4u29Cdb0GslN98tKPLBEIH3xe8ml7E8zQcfk=":{"valueMac":{"type":"Buffer","data":"cHxiRxey9+uUJHNYR1f27KJopLU9dLYIuQr6+t9+vP0="}},"4FCH34H6t/VPRQmHoDy/XkyKTReH4RaBTSjo6/zvNYg=":{"valueMac":{"type":"Buffer","data":"Q16CsKut2PVrQYEhrDDdrZi458wzDha7X3lW7f/QmVk="}},"4F77Yu9Q3Binhlqz3+bUUGLpWYUEBN2iEYvTN5wroKY=":{"valueMac":{"type":"Buffer","data":"Ex2SdfSBffwxnHKeX27kPn/URuqUNNqEjjD4IGwqkdY="}},"4O4Kr8sP5lsmXLKp0tbZyCAzTkX9jOmJNLUJasZWtCU=":{"valueMac":{"type":"Buffer","data":"ILXF1ApQCqk1EZT5Ss8IPfCUlTw906wAMdPD6yYJXL8="}},"4YVj+foISlaVjg+lcL1Ls25TBhhIuwX+7x9pqJO/UMo=":{"valueMac":{"type":"Buffer","data":"Yk5fiWLsilxyg1dFkwjZQjTk1HgSN1+Q4PQPSuzbR/c="}},"4Z/Qzl8Jbi27bE2MMpFa5YRWWfNEyjy9e/eng2xrcRQ=":{"valueMac":{"type":"Buffer","data":"9DQEkc4NhKWI4qfljQwO+GZ7zRoSoYmenlgppsubsvw="}},"4eWxbu/gRB626SuBd3twcnrkrB932tCeNvk4Q39QOeQ=":{"valueMac":{"type":"Buffer","data":"GWdUYDxpAXKPPjLHM8dtCnxmF3BJHm+vtby2+62os6g="}},"4r6i8zoVrnoXE0Yxo7nVGPbNagJPvW2oGGa9DEEDA5Q=":{"valueMac":{"type":"Buffer","data":"LjR+RDqdHrm0K1ohP0liGbd2xKsjzmK2WbwkuuN1azI="}},"4y3t6H/Z0ZyS845jRt5qSzyL7IGfa7I0XTbWbgl9Mwo=":{"valueMac":{"type":"Buffer","data":"xaTWnMx6ZjilX1cYzwAzhajBrxT9wWYTkgDtZkzO+Yw="}},"4z1QJz5QhSLXZfosGkEb4G/En3HBHFUXiUAfAmCgt18=":{"valueMac":{"type":"Buffer","data":"SEykOQS6B7kGGQZHOIIVHKFlHVy6fe6dyBZbVCR7+7w="}},"44GaufZV+TaYJt2TSInJGo1QWhulYYuGwlPRHzToVh4=":{"valueMac":{"type":"Buffer","data":"rSu/AaBG+f8rqw6mZZ0tZ4ieCxC7MHxeq9yUFZH7eRs="}},"5EpTJyOqqfXcMmwCMbI/yGm3c3MdtcKceQUJOTuDTKk=":{"valueMac":{"type":"Buffer","data":"5zRNNUdcEv8WkSct3bsBgfqfJIYBZnH/NtZ7wY8XsF0="}},"5I0xz7qormsTBhAIp9kpj90nMd6OSqc3jKg7giBek3A=":{"valueMac":{"type":"Buffer","data":"kdtDw9WUbSgssjMln2tDdYdpKUed8lZsh5i5UHzK+cE="}},"5KhYMBc6aTSrJg2Yeby9exYdvLJ5zNQHuaWTDJ+H3KA=":{"valueMac":{"type":"Buffer","data":"cIjkqlc7zLUhchIi67etCplf+7/DUeBJ3UbIi1NWIRU="}},"5LRJY/XWxY97pG7rnYSOs0HmaqMDl24IuVdKj2fGQsU=":{"valueMac":{"type":"Buffer","data":"lDDlCqy3Vm8o6ID4PSbeE4+qiLNzPc/p9p+Fazqs2Eo="}},"5is5z6HHPuRYFnt4ipEXfe/RIFoi2G1V2/xZBmKytjA=":{"valueMac":{"type":"Buffer","data":"Bmb08EQU6Ckh1YV+4Zy3v9h2TYS/dAcIdN3DRFN6zk4="}},"58UhW2yHkNCMbnMlC5sQZrKzSt9FR+sdU7B/XgYaqOE=":{"valueMac":{"type":"Buffer","data":"/uiGXN2+obOWWiZL34JKYgSGxhqVlU9/0vL6kH57TVU="}},"6DN6hrdxidEW8TyBRWQABSl1WTwctdEEgZ5IjnuMHhA=":{"valueMac":{"type":"Buffer","data":"OxSgObISo+Nr8/Zx4c0ypdIrBI3jgTYVP8EbRhgFR6s="}},"6FDOMjh2ZX+NOnR7zuloV556LBniV2jWwdom5f0n2ig=":{"valueMac":{"type":"Buffer","data":"iLGuBj7ft/+GGUd73kHU192aDpuSQHDxXEuKeAEStVg="}},"6V3u83TxBPv2FQ6WW1z4uNgj6xGgR7efg3Gw3SgSV5w=":{"valueMac":{"type":"Buffer","data":"1gebfpHYfZmPq2EeUhM2NJ3tJJFH0oqB70+I7Wrc0Kg="}},"6oU9zBzKC+mgzaysw4eOZH3Yy7jxEOoy62KjvPgPSUg=":{"valueMac":{"type":"Buffer","data":"PUf0f2DKg/ddM+IoH6pJBLt52TanDTvX6ai1o7CUMnA="}},"6qsCr8WA9su3qzWYDc/btOYIqbgFLoWLsnrnfpGDk8M=":{"valueMac":{"type":"Buffer","data":"nOyfzSQtOgjuzfkXVE55E7SQo3w7yVYw8Jm/g8HAbVo="}},"6rHWgWqNuSO2VY7ECzLVJD02DYbwxjhTAbxgqJbKKHs=":{"valueMac":{"type":"Buffer","data":"CRRJRTlnytGNVXouoLckdKunL9o3XtkbIOd5jPN+dLU="}},"6xbE6WNBptB1/oovPWDoA/HtWPFG74LUMn7qbK5NGpc=":{"valueMac":{"type":"Buffer","data":"OE+bvwE3ftfoLAjii3h3h3yG4ijh6JiVZ85nfpME3P4="}},"61qgm7RTk/eW75rUb5q78wKMf7517oCF1ACTANBJxpA=":{"valueMac":{"type":"Buffer","data":"VuaUzPKHGl5fKaI/xYHmk1Lpm14oVRbNrVXdt6oFAbg="}},"65TsmQjcA9+RwEKtMuWUZNKPVLNATdyhXcoFsOdEy7w=":{"valueMac":{"type":"Buffer","data":"N3ojOr4RlvIt35lY8nW8A6exdNxfwAYOAytSAw6HM4A="}},"6/MacaHCJ4GdmOnBa/lAVHtHczTANREnhwzEF+X2wUs=":{"valueMac":{"type":"Buffer","data":"C5sI8eNt1KdOPR83BMX3xIbU3METAjYfFQwds35Awo8="}},"7BZzYnSZCPPlWob3+TJJVBMyhcQCnWa4KcAwhsWP8a0=":{"valueMac":{"type":"Buffer","data":"5cP74MumtxmsKEvDpCK0mDAOK6e/3IHxbqmDh3Q+kKE="}},"7C6p3E6g+YNEntT6oMihETlbTCkPepFlNKZYYlepgYs=":{"valueMac":{"type":"Buffer","data":"sdZ8XlG43EQkiXBIU3n7B0eG8vweFRUsqJfj0zGGTMQ="}},"7EFEptn3T/MkP/zzIX5x5eor0accrrC28lA9zvIzqKw=":{"valueMac":{"type":"Buffer","data":"oXlt58BOAxxHD4oFJueeJ6sKOXt3/+JOeMr2Dr8nDpo="}},"7K1jlWLk7WQrohOLaNtPHU/M0kWeI3i7w7GcgSM5zLg=":{"valueMac":{"type":"Buffer","data":"O8DXFxFUxA6SzGb5TdeA7TyjuY1R2cgFriYPlLr+kRk="}},"7QqNEsei0ttFOnKP5Qb2J67R+RqtIurGRNVzjM5EXYg=":{"valueMac":{"type":"Buffer","data":"HOsHDUIUzL0cIpjCJ96hVuftYQ9kF3aDMHkSGOGdjWY="}},"7Vcna3B/7NsX8rzho8s6Yu2AGqL8yfKtios32iwKN90=":{"valueMac":{"type":"Buffer","data":"nHGMCkWp4hkUOW5HFJoGx8w9WNcruKFCR4H0uZWHvBE="}},"7fVLPbDUADJkKx8BcdxR0KRIZ+s6hHwOe9WIoS44nOc=":{"valueMac":{"type":"Buffer","data":"LOEk57hTT/aPya4d8SjdD7q41J7zLBQsiPzR+rZy/iI="}},"7hirsUoFjI0klkNNwIQSGfxy4C7caLW0aGeA/5P3YgM=":{"valueMac":{"type":"Buffer","data":"86DEv1F8dtqTirJ4und6frrpM1iHce1d0+Yi5s+oPHQ="}},"7jXSArkaido1aAxi3shYYngWHWMnqAxXHUs7LwdWogU=":{"valueMac":{"type":"Buffer","data":"dNXvtfej3T+58c0azspdNHxd/1pZEWl5dKo5kD4uv2I="}},"7t1t33Yo/NSf8wrhgMT2y1D8C6VUd80iSqSXIg/Rl/8=":{"valueMac":{"type":"Buffer","data":"0T45HB4eik1Dau2LzrNUJoU1I1xdVq3863l3G68Ke6g="}},"72Cu/B+MJhrYKJVtR1ZOTf8jd9yq9PwwZgoBLK59xrQ=":{"valueMac":{"type":"Buffer","data":"mOJLQ7Ol+q6k+ZHk3ub+y80vjA98lYBlUMG+nvsQSi0="}},"72PlFiTwYQtm/uUBIiT5+okNspVpPgbplzquhn6RtJs=":{"valueMac":{"type":"Buffer","data":"mZ6IPfly2g/t2rvCchYUdJXaWgpNJyjuD/qkzXRVsco="}},"8E6SmvcK9zT4MTDErxuFKnvdvLTEbEJV4/75z7pntm8=":{"valueMac":{"type":"Buffer","data":"B1SDZZBCgSgGG1VOkMP2UjaoglBf9HswzVCtoQHMBtY="}},"8QrXM7STgo6Ksz09dD7cfbDqEStlO7bZi7sj0c8pn5U=":{"valueMac":{"type":"Buffer","data":"5hNt+ND7rUNQu7f7ZF5p5GS54vKWambMaeDc1OOu7QM="}},"8ZOeqPVE1kNj+ulZ3f7LjUaozlhgFKsWiHu3bS+7Pb0=":{"valueMac":{"type":"Buffer","data":"tMjpLzBZqltoSMtPrPB8F6jw6wWe3ZoFA/dq8ouzjnA="}},"8aBsPa0IfG1mHNrofN7XmwRQ6gorueBYthxC6gLRXa8=":{"valueMac":{"type":"Buffer","data":"+Nta4BwgtfNKTvgV02QgMxpbUDiu8zVxPhA1h1lOXQc="}},"8g7cHJmxew/4cy9XJnyPSOc3obBnfd5NWUTQe78g96Q=":{"valueMac":{"type":"Buffer","data":"fxkRFvxiJfeapO6x8EmslYvWn0dvVYk/ug6EGpLCEp0="}},"8j8yAa07CuQ7HbJwTsQYwj1qH3iWKqrMbJ1LCi3chdg=":{"valueMac":{"type":"Buffer","data":"zlmTCXdW7z2VQ222Cr1v0lduCX4c1diZLIGFqvK3o7U="}},"8kyv3Apri/OiP5eeFrtizajNxrbted1P/j9kBTZnSBg=":{"valueMac":{"type":"Buffer","data":"jICrpCYc80TAeL3RKGrSjsaB1LpTIKlxbGaHDvfjIug="}},"8lgvnxFiG8DATs4OoG2Fleg+pK08G119T6xMILXrvqw=":{"valueMac":{"type":"Buffer","data":"05kB6ylPiwe7E4xX+MS56BTwZa/tjQpHivGznTbbEDw="}},"8vB1oxUGSQngo3/Da9JEdlDqGaveanMcHp9L3QrY4Hw=":{"valueMac":{"type":"Buffer","data":"rFWN7ioEOAd2Luo/h53Ab/JoB3CHM8phXL2p+gtT+pY="}},"8w+sICkwwlbnGnLCWpA8keY5sDd1aCMKg7npRbRxOms=":{"valueMac":{"type":"Buffer","data":"eqkyR1TIfzwdPqjYcopDaFEV9sXwVLIG9TJVXWE/nn0="}},"80Rt6G32Vrw+raLtyv/PG7avdfbYUv8HYbz1CAAR1aU=":{"valueMac":{"type":"Buffer","data":"Mnb8gzPln1yJ9k4zyZ5Lv09fnTRLOtD+uKEvCCuJgLk="}},"83Z8carzxRlp5vheh+9LSBRDIzoJpg0nr9+craJByGI=":{"valueMac":{"type":"Buffer","data":"Kiv6PJDrwxuFsbMqdisHcSz9gGmkiZxhMYeCk/yx1Lc="}},"84Y6KDXuNqY+gPElSVNEsiYzVAgHfGckm5O1SwWu63Q=":{"valueMac":{"type":"Buffer","data":"gyyY/dNpYvrT2KYIQppmAGfSpJab+Jk/52Wnv2eNI44="}},"9BclG57o62DRb5qmxH7PU/eS+tUHgWx9X3hfKT9lsiY=":{"valueMac":{"type":"Buffer","data":"GM5Zcz5QTGxVXivDnhMZPFCa6KSV7gVaHshJUTTH2GA="}},"9B7a6kEztZucDSOhPw5b88NkI/0HUhBmgV22MQKdAh8=":{"valueMac":{"type":"Buffer","data":"2ae7ISbzmYsE7CebOD2d3sLjSYJPPDuK1K5aC/jhalk="}},"9PPjXoHDU2jUG87ee4P8UD6vEqKythu7AFu46rwFkOw=":{"valueMac":{"type":"Buffer","data":"vS8pFcJYeLYV+mWfQrfTjXsyoqYJBzPDoj3qGH4kW68="}},"9XrMClMrLsszse3lpOxet6bZFyJfJAwkV6OSzBykm3s=":{"valueMac":{"type":"Buffer","data":"0jSUfNtOs437eqOswrQuB95I/Afh+VjAntsEFIuG30s="}},"9jC1RpHRn1lpyA7Mej0InV4+XJoGfRt7DO1ilwS9NZk=":{"valueMac":{"type":"Buffer","data":"nNe6GEbrFIqw2eCYFpFeGuRCtr3JL9IlGlu++5XjOt4="}},"9nU4VPPJlcc43SCcIYX7gPxGbixgc7c+1+8LbCJJark=":{"valueMac":{"type":"Buffer","data":"KGQhq8Ra7cEPlWDHC1kIRHixvrI7frVfCWk84Tf4ZAU="}},"9n/5UsciIeZEof2APinJpVEg9g+iulq6SM01EbatS8w=":{"valueMac":{"type":"Buffer","data":"jEFewUod4wAAU9oX1Qr8t10Gp4glAg/Y5vEs5h9cPqw="}},"9p+WNz6ZN0sTLpWf086owPp8E0GXMkIjLngHBaxLqPk=":{"valueMac":{"type":"Buffer","data":"ELpPFrAwhnd3VD07USJio+8pAvIFSkjwEyBrxrvVIGQ="}},"9sYOJHkAdc6RxA19u7Gyn+zydRN3DdPlhZaewckrGJo=":{"valueMac":{"type":"Buffer","data":"mc4ye+WzKgyr+e89TcDLPeITHjZkGJ1zwQYbqLx8ta8="}},"9wsLAd15iIJvRv36cxBuEgR0msLaeyu8Z+q5oqnCaNo=":{"valueMac":{"type":"Buffer","data":"bjIEsQR/JWqDzZ+BlRTo+hWzDosGsxRmjNTs5P5xVy0="}},"9xJLVjrFhzPOBaUCXT3JN09K4Z/GpzquimazeS1Kqs0=":{"valueMac":{"type":"Buffer","data":"qfJDFO3JvFnL8ycHTtLCnMohCcdaSznuN5P8KibT1Ag="}},"9+qHXcBfFsRA/UueAYbKkbIWwltMmRTT1n8cp+weIws=":{"valueMac":{"type":"Buffer","data":"H1PKLsmsD98TtyJQRNdwaBHIvnG48IzJABPqAWLpc4M="}},"+DnEXmv1HijsL1lgQu4GC6yOC5/ZttPtOThY7tvLHc4=":{"valueMac":{"type":"Buffer","data":"HrGGBAMfilCxeFJY3cMfCVbLRtMVqr8M7+A29xYL7AA="}},"+FcXTBmyn6FDAAaHff+WHwzMLZ3VQi2seMaQPuI6SHI=":{"valueMac":{"type":"Buffer","data":"0kONLUyjQ5UKogJ1Aos9b+ISC+CW/1o8LZuBAEX8Pbc="}},"+IvaHCSkSSEkZvl0DZ9QinVFQi65N17mVDNwUlcl/Dg=":{"valueMac":{"type":"Buffer","data":"CiSdRStQjiVOpgsw78Gyqg1+6+6Z590TupoNOWavAjQ="}},"+I5dG94MIKgD+NhxCG0l2lCXHTuFwLWSBcNwFvBPIfc=":{"valueMac":{"type":"Buffer","data":"S7HwWBLq2EiKASZoVB3mtsQsZspksmC09pucHfkTRfE="}},"+Ngt4V6VoHkbvkDSxd3u53L9AC7RnwG3aUWUPQDwdS8=":{"valueMac":{"type":"Buffer","data":"8Ccn6Iq4jB4J/ID5/Hlnl3I4IvYx169xwQ3V+/sCqHk="}},"+OL9Lvf0MbtE40xHzrxhAD/M+63+nB6OwX5xJUKlPQA=":{"valueMac":{"type":"Buffer","data":"tkW7LkvTydhD7MUgCdzsUJTD+9RnYdlzlCbGvVkIDKg="}},"+PejKCmTTXo7phF76KR4X4A+NghpHkTAbj9QjgyeXNY=":{"valueMac":{"type":"Buffer","data":"esfwlZJ44p2hE3PliP1Jr98P80Pff/MYCAQk3wCbGAc="}},"+kRvKAj9Lw/+6f0MG2/Q1rgwfvDx7vC7Ln6ZJoB5Wkw=":{"valueMac":{"type":"Buffer","data":"BMle6fSCbUgWmVinJCRXv83XX8WD9sOvIUp/UuasS80="}},"+qCHQuymn2H0C5ENguQsmM5uzXolvsEOSBNlNKR1aNE=":{"valueMac":{"type":"Buffer","data":"2L/mxwOZVdWGUuHx6OiVm07vqW4FTos0aHQRdYje4ag="}},"+wrTefSeRFA8Yb3hopSbzEgIAuJt4Nzt4MR0IulfSEc=":{"valueMac":{"type":"Buffer","data":"hCZegVMB45aGnMkA+lS7It75PbTxvlzFnIlZLhOMeIA="}},"+yhXHmzuKSSqjuhOf8exJJ+i8r7oMZSXGcCWlKUx4Is=":{"valueMac":{"type":"Buffer","data":"d+vJMYKAc9/qMRirN6zSM9Im6n7mPBN5VJ4UPfv7Hig="}},"+zC5aB3UaonnMrL6XSgXQ4gnOtFsu21oQEX4ph5fAKY=":{"valueMac":{"type":"Buffer","data":"Zw0nSTyaXUttexVAaGrD2vPmFvawERn5r4tSyXZP1Jw="}},"+1AJSW1h1w06EpG8GomGcMkaVJz7UlU1ZsmH1WLQQ8U=":{"valueMac":{"type":"Buffer","data":"Xx1GT/ViDPTq2uxQZ3ggJaOXZXzTeJqYneMTUGIKGeE="}},"/CFYvI36/qPXSMhVTaEm9Zk7mJEVPDSN3NI+AveR5Nk=":{"valueMac":{"type":"Buffer","data":"lRnuZdllPPkNBMhoTNBiHtKUQSJ7UQJCMLod2r52bMA="}},"/F2NYIDyfVjGEBmkB6eaf09RFAP/TKCMErh+XfemrKE=":{"valueMac":{"type":"Buffer","data":"0E1Ato36dM41Zm8YExawMjQxTt0xGGKnm97OAi1Scjk="}},"/fa6c46bhWrpF7vi/LE6FdJv36futaHp6ibCZ+ruPMU=":{"valueMac":{"type":"Buffer","data":"jW33KHrResln6ZI21ndKxANXrm3CbSTlMGmRwRjjc1E="}},"/ota3Aswu/T7DpDPhI2n6EBSPpvSG0R3eDP3/UyaoH0=":{"valueMac":{"type":"Buffer","data":"4tRax7bSmSvLIb0tb1kgMRcsGfB4ujIqPZqk9pTkYjs="}},"/xNmX51EjEHgwlEEC+Rk6zRShUKBFssIjVctNRb39dY=":{"valueMac":{"type":"Buffer","data":"lhqmPNtcZd/Y+DpAoUOQFROTtOzMqFoFwP0UIcirf1s="}},"/yJWfpR0H3MqxsVu39aFOyE4BTwd3pyIfju052IsVts=":{"valueMac":{"type":"Buffer","data":"PVfmc6dfRyQBBt4JS9jax9SF1ibTsS3k4jxwfhLRBRA="}},"nljM4OM5ayUqbW+JLm2Tu7c6QprTDErTJBcK3ZhnGVU=":{"valueMac":{"type":"Buffer","data":"c35rR/vBeNhumEQ87jAyjBlhXQBzYfetz18EqhXjfjQ="}},"yY967i00gpPI3i2sfWPWj8wuoSaQ/6sr95+D9BJyFSw=":{"valueMac":{"type":"Buffer","data":"npt9QR8oQGPvpzoI4eP8j6faGLAf4bWpuRKio9TDf1s="}},"0MeW/eUIMdPT756amx16PE5ozD9c22Rp+Ntr6sFlkdk=":{"valueMac":{"type":"Buffer","data":"DLJ+6eSyX4r49tLJjbsmXxWiFWx1LWDxggV0OJeUua8="}},"Z/7FMAnYaSFyS9TBO9yThaIrxB316JXmn7TvpRkWYBg=":{"valueMac":{"type":"Buffer","data":"2EiM0oYhA1GaBhOtbumN2ACVmRdwNMsTrR14LC227Zw="}},"u8Ne9MJm5RxmG/LhDwrlFhxc+3AbzxB9DKCSw5CIqb0=":{"valueMac":{"type":"Buffer","data":"EOJkzTP/pdLEvX0Mbb9bUNzyVRpQ+pMJbXFo4z+as4Y="}},"36YrWYzwJADfzT4rRyZd6T9kr7TYts6KGn4PJ5OKgj0=":{"valueMac":{"type":"Buffer","data":"BdJfWlsQT7yr9AWKZAWWq6CgOV+uckutI/bYhy9SqP8="}},"VLGHj4AGk0Qdp1GokbQs1Nd4RQjGLMZ/DNdwje3UbZo=":{"valueMac":{"type":"Buffer","data":"51i1cuXLdh79UgYv7W8A1HQLLfN9U045kTijOKqh/B8="}},"S7HyaufzCDfXIMJ2XLb3eCr6YI7R5hoawXI/TEF64O8=":{"valueMac":{"type":"Buffer","data":"8G7yxjo+/lGbbDxsnlN1CxbFUaaBRSakBAWM3uqoCGE="}},"d3nUMNzEPQ0jnVH5N7Yf53kqsO8DCwufi+GUxN5amAw=":{"valueMac":{"type":"Buffer","data":"GUvY9kbCT1uwrpk1yHyqugP7Mc7BGBoFoF7UuLotG8M="}},"jXyAOTaQwrpRvUaU4EcqfOm/Fn1hQLII6vwoIO2X01Q=":{"valueMac":{"type":"Buffer","data":"ZRR9bEq8orhBjTEbKDhbOt7iqY2b+MMCE3nTugZMC4Y="}},"gO1eS7qPvoxht6JBJi0RCNojnKT4SYD9uApP3yb/8Gw=":{"valueMac":{"type":"Buffer","data":"wKO84wOetH7AX3OYqDeXqjdSecC9xVj4upD70uifQP0="}},"GlJfTOcWWSKhhHDeq1ELjUCJtO/zeJ0CnlUGZvW9XH4=":{"valueMac":{"type":"Buffer","data":"9521/GpeVVRBXcdna8j2URwqcvoXpzJ0tNVFHSzaA4U="}},"IHy/p/salK5uD+YAGCACSiuxkO/VRM0O9EVLEoBsGLQ=":{"valueMac":{"type":"Buffer","data":"aBGn4VG3zIP0DSw3WrUejTS5ddmWWU+k2sySoeHubX8="}},"4TR8G19f1F1vpueVHN3VhQ92/NRpvVBwnQp/3bOaAu4=":{"valueMac":{"type":"Buffer","data":"EVc8loj/xYNmIcPP0ior1GsYHlV63oNbRGp5/T+uMO4="}},"Aq/abvaByXWRWMluTlswlwihapTWRHkDiYcpEuoFT0E=":{"valueMac":{"type":"Buffer","data":"UTTi1/sQ4iKGWRgUy57Mm1ht48AEd/C+f3ozdBVGKXI="}},"0hf6rp8EULPyMwnrkdVXMUmBGQORWslfZR7GMAdEwO8=":{"valueMac":{"type":"Buffer","data":"IjnYgMsTsOxRQmt5ybs6kCJUsYUoCcCl0OdAKfppo1Y="}},"M0hHnfgVO+hCs//Wdxh7Y2yQxyQkhist5hm/LzlGFSU=":{"valueMac":{"type":"Buffer","data":"dvqSKPSb2bN9itp0RgKBSMwORQLnEwsOqUWzQoMDbSY="}}}}