{"version":20,"hash":{"type":"Buffer","data":"UvQelF365MNG3+oXtDvJ2PCP2m+gWG8roOsycVgJ/fYvU5mtick3bcOLmwxQBA6rmcYz+eFfrgJCOr4gbdUKBaPnTMzLFKJ5qtqKiUQkiGoJWIKfiw5Xu0UekJQTPsHbOp1zHqDg8kYUtasfkKGVEpJmYgzs/PgqlyWc5R0cuD8="},"indexValueMap":{"IWCqz9oWZJLtUtscWZVbL7fdfLg4NLMS4uAS7rG4p0A=":{"valueMac":{"type":"Buffer","data":"6pWalJSc87FBABTRxfyAkLFMryDtoa98olJ8HyS/Z0E="}},"9o+B3Wohl53T8HtBLYm2/As4CC3ayCss6zowsty6SYY=":{"valueMac":{"type":"Buffer","data":"sFnyIxvaFmCp0PdSVo5VyPYThFzNnHhxzGlFK0Xp11k="}},"nQ1LOORY0L1sIxV9RrWNTk64YDbpf1+CcIUO9Wp87zg=":{"valueMac":{"type":"Buffer","data":"A79f3jKvEmznv8CatuD+NbTf+B1RLpa79psvdCU2vtY="}},"JuHW79vqu9/gELgArBSBFjnbrVfU6NKEub6eKodpZX8=":{"valueMac":{"type":"Buffer","data":"T4QFm2E9fqco7PIqY7Ni11iqKMwls7KhWexXqABIY7U="}}}}