{"version":51,"hash":{"type":"Buffer","data":"gE8gl/8lRRExJtExsgWnUpVa+D9tIQSrI2g/18mimTwLFgcOfmiGJSZfSt4jUQLHqkPuI6gNxIUi1ITGLoSg5mbaVHvehM2Ml6PSt9o9g1QdFzgKUQ1GXhMe7QlpsfPaffiUCcQ8Dh8T+minHvBnslpD++d1yZzrjnrERskQ3po="},"indexValueMap":{"Nu1+gfRfcuyfxYWsALjeSho6iOUVyVGN1GaxvyHBQoc=":{"valueMac":{"type":"Buffer","data":"PEbKzA0OgbBMv8YdLU723zFmGY8hRbaxQJF/I0BCR98="}},"djp2hIW870kLjkGpi4b7m9aXKKcif09hzgmD1eKRs/k=":{"valueMac":{"type":"Buffer","data":"vtm7BYmit+8QJVR1pNN9Yt7RIE33tZGuCU/j/U/1kSE="}},"sB95h2juswHdMNIp4xOZYiU7eOL79E8FOl0bSnz49yg=":{"valueMac":{"type":"Buffer","data":"U5IGjR/5HC2pXitaIxqI4LI70TCk+vThgq7FQq/DAtc="}},"uy84o4XDx0Hi4Qgc1hEXoAQMbTF1oKs0rfwokw9URZQ=":{"valueMac":{"type":"Buffer","data":"l4GnVvNhWdAH5Mr1HhMQUYL7Iva6t6l9v7exanJUTBQ="}},"ztKyeVN0YrX9JSzm3nxRMNfYa8LrQ+eOlj7jwYG0JRU=":{"valueMac":{"type":"Buffer","data":"5tkblO2DdyOfguI018Be4W/JULc4bFY4xOyy7sj960I="}},"0SOi2+isTZeNfBPXu1l28NGIDYOfiEM2seCmw1mvAcM=":{"valueMac":{"type":"Buffer","data":"6CO519ku2smq8RDMUVG/3YYW/F4d8SYMV2sk4kcaIu8="}},"6hTtNTOFPRglIEDaIdYakGuMA42myWip6082REVZpgc=":{"valueMac":{"type":"Buffer","data":"W9yKXp8dpdIiPuXCky6Ztwcy8S8QXeHAIMZPVe2FtiI="}},"8gwrN4ttMNpaPeaAChuC7GO2ZThZA4cU3goQPqhhXbU=":{"valueMac":{"type":"Buffer","data":"zM93weWfFTjSVqtDFpq/O+/whIYUCCv/t3mWGql5YyE="}},"aqFSqxmS8YLMRs11EvRhxdyUvymamDC99N2rDtWTEyI=":{"valueMac":{"type":"Buffer","data":"9k/4F8ZIs1ohE6OyorrywfA5wesrzVTrO5drflFbnkg="}},"RwmC/vn3lcmiajffwq4kfc1iQ2QuNLyHP64cvxQzCPQ=":{"valueMac":{"type":"Buffer","data":"uFeZLS1kt/PHYSRAbABugui6EiRI0Jdi8hJoUr+7owg="}},"+DlOvAEpMkxJXph9Zzcl8z7cF2S+f26W5zxeVkOleHM=":{"valueMac":{"type":"Buffer","data":"2ufBJJq8taJ/hJ2xAY5g3Gp8QlTxyG4yALwv72MyXNQ="}},"K8flvd+rkWA2Sv85ZmnGcoezf0P0Dtae1L9qoT7/AXQ=":{"valueMac":{"type":"Buffer","data":"7EN7dkyYCRTb/Ez22XUiXlhczO12O0b9qSeM2vIJ+BY="}},"3mQ2T4sAgJ/b6D4iVbiBEVJQ/3Nw+TI0qRKww1/QiPQ=":{"valueMac":{"type":"Buffer","data":"oi1JFo5+oEn2DYK2KLERDUi9RC90Y9BQcU9tVlF2K48="}},"bzqjaDeYEITvtfMLXoiNBrupe/xdIdICio1Oa+3SzVY=":{"valueMac":{"type":"Buffer","data":"5d3151mvAEc1NOPLadFROduZ2786AIdS/L224tv9ci0="}},"K1xM+SoxmcWsLn4Kxj9Q2xZkOsaR24ABHM3Fy65KNro=":{"valueMac":{"type":"Buffer","data":"mVvWpbYXM/2ooEQrDJu/qosbYcok6cai/i3jByiok2c="}},"H9X5O2x9eAp2/bYV0kiYShyJsmdAOLtrftUtl8tgHLA=":{"valueMac":{"type":"Buffer","data":"bnYaxLsxFyuZbpKm7EH+kcT4jsyBvbvcVum12hIl8pI="}},"Rto8fspeO2NmKN30Venpqkn/WoV9pGIdwf3+f1TkaVA=":{"valueMac":{"type":"Buffer","data":"Hyibg1lzeVeQgQm62xJgDcJyQAs5te/Z2yQK9aY2ilQ="}},"xrQEUjGFUHuWegV3mx7nqzt2Cv+5yW7MabYRNXZGpRM=":{"valueMac":{"type":"Buffer","data":"ZbF4bmdTWSHntpbPL1RgemG4FkbMmaYrVhEK4XFGivA="}},"H04ZvHkHxkNhLh1HWl6tu7aRzzPxInkC6+61s2NwvUM=":{"valueMac":{"type":"Buffer","data":"k/mgL6uqeP3RffpX1uSHDVWEG+m4B245eDGj3Zskw3I="}},"zUzUfXktAYIX0Bfr31nHf9gzGWoV6tKAoTYSUC6ePXM=":{"valueMac":{"type":"Buffer","data":"DtoZeDun4EM0mYMEw0L8TtZhSzOpBbUVmsI5gBxGu/o="}},"6FjNDc98XImekoigJcRbruBjD8Fzuw86Ra2vaKUhPVQ=":{"valueMac":{"type":"Buffer","data":"Am+5YxmAzdg1ZiJEf776MgupRhISE7UpnHuejq9VhqM="}},"+2CHc5UF8JtlizQel9pFMvo/kxUx6L5F0iFJ2KDjvPs=":{"valueMac":{"type":"Buffer","data":"lv9++lFDlaVYwYJ+ZG8vGS4wtjzI7g9/xKbBeutC6YQ="}},"zmCV4TByW+Lm7Aa88mH2RKN5zfBHR7+BnSDQTBc+A+Q=":{"valueMac":{"type":"Buffer","data":"tp82B/Eb2HuHyWz0yKv0u8MaWeDTC7hU3XghkuCYTLE="}}}}