{"version":69,"hash":{"type":"Buffer","data":"wk9jXUGuhnevn9yeoo+2K/HW1Y883PsqCOpDE8Gu3e6qgTHkUs0cSEnuajLMfks73HFp/gnisrFRoYHOu87Ea/1kdkhOnSGroIMq3iz7YYEuyKDops7xz583bcLbC80zCCEwL9jV67+xlFg6OcbZPjUttCvEowEqmw8Qlh8TN7k="},"indexValueMap":{"D3gCWoOnwK1gFn5KEkjDufEysM0FdW5IEd1NNL7BOmA=":{"valueMac":{"type":"Buffer","data":"DcIZajokbR1SzhbjiYMWS4ltVuDijgDqwHDbbapVA+0="}},"YBF97UanqpWPHK5pGs7RdFFK5NAdIOyQTOX5sQoPLXA=":{"valueMac":{"type":"Buffer","data":"Z4NydrTOipIw11FJC1WUlf56UeUsIlBTpMt+18aswLs="}},"MYFuUPuiRpYWuDqOYFcd6ImwL+fpJC3TiRk64ArGmtE=":{"valueMac":{"type":"Buffer","data":"YZtf55QFAdFtNSQ5VAW3Wz2VmiOv24d3D2eXe3EtRmo="}},"tJKByVS65CH+zjdmjtPSIBNfaAJAE6Y1YIQXBRVvr5w=":{"valueMac":{"type":"Buffer","data":"MA2G3cUrgQnMBPMyY2r1q8i9/q+rWsMrL6BzMFLC+bE="}},"CIsH/hYKjhNES4+vagMm91QCCSzoovhURmEwU54Xqyo=":{"valueMac":{"type":"Buffer","data":"ZQ0IoS1OnL41PWYUL8xgNKpjL/mvnbfXuUCaopKTLg8="}},"sHo8hy1qouyQ4sQW84DivVe9aGYTREYStLsp0wpDmjQ=":{"valueMac":{"type":"Buffer","data":"+DTmPFWNUW6NYy5D//RbE0T6n3a7+DTkd/l52cRomsY="}},"lK2R64lUkpbps2hLJlo7gq4Pve8HVa/f38PhhnanaGU=":{"valueMac":{"type":"Buffer","data":"lb8kQn3PDaoDMMiutZ013sPIhOlPxcjS0WQo02rseuQ="}},"UqERCw0y+J93CCodnEPfG399BwdmVmCRuwaRF7I7jfA=":{"valueMac":{"type":"Buffer","data":"OM29Qwt68z4yMe68aR4CGMIyFyQRm3qmf6yXEEvNfTw="}},"Kfp0x6Mlpp/mj1UUY1rWZRZeEesNkND7KBu1z0GOhlI=":{"valueMac":{"type":"Buffer","data":"1ISRBB1Zvk0upNPp6/zX/dLkA1Ow1KMVnr3xLf6CwI4="}},"RCONIdc2pTxHAaKX/kChQGgy/hOLNQZ77H+KECLeUpc=":{"valueMac":{"type":"Buffer","data":"ZUqkymNuv1AfR+5FV8rzOAV7yFwHqMqT4gUmuK7Cp10="}},"7dxaNH94L6VVyrHFk1bG0Ae7aZKOtdV3YDGg6vLnY5s=":{"valueMac":{"type":"Buffer","data":"YRBbCQt+md0UjfWlEdfalUrOVMvog2o3Fg1h6ICE79U="}},"LbNwKYO2eF2HT0c/gn8KencrZ3tn229gb4/lDaw8jNI=":{"valueMac":{"type":"Buffer","data":"M0D9SGhfvPAscEGBHbp55rx4c2cHHxUq//TYYTZPV6A="}},"4GDvOUpZRueUmq2UGkN15JlMLr6VlR6Ix7g2J4nQw3s=":{"valueMac":{"type":"Buffer","data":"OZhJmtIfmk19DNKaItqcKhkIIMJK1NTOXJC5HGwxJvk="}},"DCZKFqeiRkdiqT7lKefObTM06pncPaSIRg+tm7Ovebw=":{"valueMac":{"type":"Buffer","data":"GeWQpAuFDxcBOnxa04T6uvUEr17p8iw9n2wympfl/YM="}},"T2k11/4U8ghLccgMmOWqMtOgSG/pEHJBEU3i4FvpS48=":{"valueMac":{"type":"Buffer","data":"SdYR3nE07RnDUs+XyC3DUu1g6R93x0noop/dBAkcLTE="}}}}