{"noiseKey":{"private":{"type":"Buffer","data":"mOCBnJE3f8HnDTUpxd+Aa5P2iTYWlT0p+k/jZ/gnsWQ="},"public":{"type":"Buffer","data":"uq+SD4gzmkMEy/vPO96N+3rgih/QN3+0+82FqtUMklU="}},"pairingEphemeralKeyPair":{"private":{"type":"Buffer","data":"WKAlewXeqIMRd74dVOqdGrB5HqjZoDwKFhVMIIqO608="},"public":{"type":"Buffer","data":"0QxtE3wNueuUBbpmNLKsJPnatA/S1Hxy7826AkC06CI="}},"signedIdentityKey":{"private":{"type":"Buffer","data":"qI+nB1Qazydm4zN2bs9KsZP4ovmn553UHmmS6d1zOXw="},"public":{"type":"Buffer","data":"fHPTHBVDO4kHsS4YFWI1CegAiP4pdo1BveMoMyY+BSY="}},"signedPreKey":{"keyPair":{"private":{"type":"Buffer","data":"wCv0a+cAy1ccPyLH01OOwJRtQ3effoeTMTGtp2UnB2k="},"public":{"type":"Buffer","data":"mLLjlzRZUDt/xd/q05xcaDdwxXc/OoTwZzCACnlIGE8="}},"signature":{"type":"Buffer","data":"3bsd1eesqq6xpA55kN4Z7MSj9WDsGbNYD9uDR8yaPGMwfp3uo2X1w5c3E+DD4GSxggajLtNasP5j7S5wp2WkCQ=="},"keyId":1},"registrationId":3,"advSecretKey":"gyMfDXGIOkBSulf1Di4hL7fsQo7O/9YDRBi4AnjYIgE=","processedHistoryMessages":[{"key":{"remoteJid":"2348108573995@s.whatsapp.net","fromMe":false,"id":"A52A43EF32253F7843F2F4BE66DD9C93","participant":"","addressingMode":"pn"},"messageTimestamp":1769249326},{"key":{"remoteJid":"2348108573995@s.whatsapp.net","fromMe":false,"id":"A567AF1B88C9E37816B02C25442D8037","participant":"","addressingMode":"pn"},"messageTimestamp":1769249326},{"key":{"remoteJid":"2348108573995@s.whatsapp.net","fromMe":false,"id":"A5DFF2FAFB2253B55EA227BB4417BE29","participant":"","addressingMode":"pn"},"messageTimestamp":1769249326},{"key":{"remoteJid":"2348108573995@s.whatsapp.net","fromMe":false,"id":"A58A4A3474666E9ADDA026BE06DE2959","participant":"","addressingMode":"pn"},"messageTimestamp":1769249327},{"key":{"remoteJid":"2348108573995@s.whatsapp.net","fromMe":false,"id":"A589C2C333E020A57FFC19E30B4EDCB6","participant":"","addressingMode":"pn"},"messageTimestamp":1769249358},{"key":{"remoteJid":"2348108573995@s.whatsapp.net","fromMe":false,"id":"A55718A24801896410F3FD616F1A1BF5","participant":"","addressingMode":"pn"},"messageTimestamp":1769249368}],"nextPreKeyId":96,"firstUnuploadedPreKeyId":96,"accountSyncCounter":2,"accountSettings":{"unarchiveChats":false},"registered":true,"pairingCode":"NEXUSBOT","me":{"id":"2348108573995:40@s.whatsapp.net","name":"paullll","lid":"54976235708460:40@lid"},"account":{"details":"CLzRqYEEEKC00ssGGBIgACgA","accountSignatureKey":"KIhzg8s+stsEkb0vnnr6QkCcE9ic1BghvrWkXOJZkz8=","accountSignature":"bXA0QwRfGonpWTySfWMU0arJP9hc+gL3vKpc7hQNOUwS4h1/YuJzZTAq0PG3BYD1aiuIfIkDzChRbiyPCYO1AA==","deviceSignature":"jFjNt/7NQm0/jxwr4tYVq0EbgiD2UvjP81a6tcNhLA4/HYrmLxUTWEIq+844gzxh4ockCrvodkYd/OVXM8zQDw=="},"signalIdentities":[{"identifier":{"name":"54976235708460:40@lid","deviceId":0},"identifierKey":{"type":"Buffer","data":"BSiIc4PLPrLbBJG9L556+kJAnBPYnNQYIb61pFziWZM/"}}],"platform":"smba","routingInfo":{"type":"Buffer","data":"CAsIDQgJ"},"lastAccountSyncTimestamp":1769250313,"lastPropHash":"2P1Yhf","myAppStateKeyId":"AAAAAOw8"}