{"117622544834625_1.0":{"_sessions":{"BbdjMQ/wgp2cEgqCJEjnt1L2JwD4rWOnq8b4DgI6Z7Nt":{"registrationId":2104670701,"currentRatchet":{"ephemeralKeyPair":{"pubKey":"BdRxOfzfcArnvDLmfWYk9k5rVrvW11kt9HneSGjCAMRy","privKey":"cKRLqRSn+fWpOczgQnHVThIlCUxA26JZggoHxfVYf3o="},"lastRemoteEphemeralKey":"BU8eDXvY4NfMEi87UHkhz/dNiPX5WmylPzEeuadgnYI9","previousCounter":0,"rootKey":"hRtSa/RAmBUtFIBs9YM2fdFahm5hoMRQuO9APj/1JHI="},"indexInfo":{"baseKey":"BbdjMQ/wgp2cEgqCJEjnt1L2JwD4rWOnq8b4DgI6Z7Nt","baseKeyType":1,"closed":-1,"used":1769250360297,"created":1769250360297,"remoteIdentityKey":"Ba1antun0KrUKbXSzQ4I0U6tUnTTboHOc8PaHoRKvD8a"},"_chains":{"BdRxOfzfcArnvDLmfWYk9k5rVrvW11kt9HneSGjCAMRy":{"chainKey":{"counter":53,"key":"jYxj2kncSTqOsUKlvI09SGSIbAISJ+m1X/s/2OFNcY8="},"chainType":1,"messageKeys":{}}},"pendingPreKey":{"signedKeyId":11485053,"baseKey":"BbdjMQ/wgp2cEgqCJEjnt1L2JwD4rWOnq8b4DgI6Z7Nt","preKeyId":11909567}}},"version":"v1"},"117622544834625_1.52":{"_sessions":{"BYBMQM/A88YxY0+VRxqlfid08wCAURmaZYfQAoDP5GJE":{"registrationId":86,"currentRatchet":{"ephemeralKeyPair":{"pubKey":"BTwd2rYgn6k/njmIP0q3lvSAahRTRrvfIPWEFSatTe5d","privKey":"IJFeU39nhLo+IRMUyZB5uhRU92kLc5P8mWakyuiq6m8="},"lastRemoteEphemeralKey":"BfSJ92yL0z38Ko0ccmyZ7ob8j+7GyVpoAMcfjrgGJo5M","previousCounter":0,"rootKey":"ehxlMA6N0BbOiULZdNXuehO9SD6+WJDBWCSxUgytozk="},"indexInfo":{"baseKey":"BYBMQM/A88YxY0+VRxqlfid08wCAURmaZYfQAoDP5GJE","baseKeyType":1,"closed":-1,"used":1769250360303,"created":1769250360303,"remoteIdentityKey":"BZMKbTe0sBI+YdjFeG0dgS8SpSrWuRSOJaNP62tLDKZZ"},"_chains":{"BTwd2rYgn6k/njmIP0q3lvSAahRTRrvfIPWEFSatTe5d":{"chainKey":{"counter":139,"key":"r04yO3O8ISAhqGMhVrdReRZ4hwcvnoOx3y6L8Dgp9cc="},"chainType":1,"messageKeys":{}}},"pendingPreKey":{"signedKeyId":1,"baseKey":"BYBMQM/A88YxY0+VRxqlfid08wCAURmaZYfQAoDP5GJE","preKeyId":3}}},"version":"v1"},"54976235708460_1.0":{"_sessions":{"BY1OYEYQOJ1Rj7DUZOjF7rcDWsQsG18xjzJfk7f0wB9w":{"registrationId":1210434447,"currentRatchet":{"ephemeralKeyPair":{"pubKey":"BQvl8IeSgosQGt6ZdnkhIVmFv8PBKQ9FpsyT49fChsZ3","privKey":"0ENyfOPil/7llG6TgPUGyimpqYZjuRGQT/YzgRuv1mU="},"lastRemoteEphemeralKey":"BSgwkrxJkZYtzv1ipc7ghZJHqR/ziObUDtycI+sLqEtf","previousCounter":9,"rootKey":"2WmWc6zlCRt485XmkmJu7c7IeX2b0rIvkcshxLeBVN4="},"indexInfo":{"baseKey":"BY1OYEYQOJ1Rj7DUZOjF7rcDWsQsG18xjzJfk7f0wB9w","baseKeyType":2,"closed":-1,"used":1769253967582,"created":1769249324489,"remoteIdentityKey":"BSiIc4PLPrLbBJG9L556+kJAnBPYnNQYIb61pFziWZM/"},"_chains":{"BZGbczEWb+AphMUXFD9KYd/nu7z4qc4w7QXTuwddvZFF":{"chainKey":{"counter":5},"chainType":2,"messageKeys":{}},"BTtIrydS7xutCnZMNT//Dlra1oUZS3IZjpRq95OAAxAj":{"chainKey":{"counter":3},"chainType":2,"messageKeys":{}},"BTxB+2kvo/4KFi38A9VNcJLTxatDfm/6AKRA5k88u9d3":{"chainKey":{"counter":1},"chainType":2,"messageKeys":{"0":"zI0Dm6CeZwfjOenBrbYQ1lZjXDbTLhddVE7JVZy5IHA="}},"BTZ7iQRwPeu+CsVhY1cAo4f+i0tR104HIcJWJaJVljtM":{"chainKey":{"counter":0},"chainType":2,"messageKeys":{}},"BSThnYcvSFHLyhx5BzTobub11OlAk3ePpAOZAoKyZE9Q":{"chainKey":{"counter":0},"chainType":2,"messageKeys":{}},"BbKGc3SXX5z2v6NOrYz99nbp5h4OW+gp9paASQ6iT5lT":{"chainKey":{"counter":2},"chainType":2,"messageKeys":{}},"Bc9AVIdE8KDE2/suYLC6sjQ1jhBhNG7K+B7S9addR6ZS":{"chainKey":{"counter":0},"chainType":2,"messageKeys":{}},"BSgwkrxJkZYtzv1ipc7ghZJHqR/ziObUDtycI+sLqEtf":{"chainKey":{"counter":0,"key":"Se0p4Dro1RISkLms4LAnvfLCcCgpWlQ8sCKe93xP0ak="},"chainType":2,"messageKeys":{}},"BQvl8IeSgosQGt6ZdnkhIVmFv8PBKQ9FpsyT49fChsZ3":{"chainKey":{"counter":8,"key":"y07TzR93f25rhuR+on1cjpbWlTWZUvoeGH0uX+xtqKM="},"chainType":1,"messageKeys":{}}}}},"version":"v1"},"54976235708460_1.24":{"_sessions":{"BU4+teejYypwZlziSyP0pkHPwpKmIQbkesMFRPRYofUV":{"registrationId":1420,"currentRatchet":{"ephemeralKeyPair":{"pubKey":"BQ79RUCb2Hn+zZ9xMR6OEwmurAIM1uIh8d+FZ2jZ22p8","privKey":"2LXntGYy7Urm8ot5uB+3YlxCsR21NGHSjDMVMLzK8FI="},"lastRemoteEphemeralKey":"BdMU5k0SkQyX1ZGxceIovQHxO9VziDqNwuyDwYZIzGlo","previousCounter":0,"rootKey":"uGHCuCsoAlc44taOrRChsgrTUH1aOs17KxmSQ3eInfI="},"indexInfo":{"baseKey":"BU4+teejYypwZlziSyP0pkHPwpKmIQbkesMFRPRYofUV","baseKeyType":1,"closed":1769249350199,"used":1769249342290,"created":1769249342290,"remoteIdentityKey":"BZck6oMHKl+hG85kKre6fUQ3HjLDO1YIjgpwklu3U8kI"},"_chains":{"BQ79RUCb2Hn+zZ9xMR6OEwmurAIM1uIh8d+FZ2jZ22p8":{"chainKey":{"counter":0,"key":"HFpF/fneEOfRBwwgQbXWXAmhhp0fhidEJDM4TSqaamk="},"chainType":1,"messageKeys":{}}},"pendingPreKey":{"signedKeyId":1,"baseKey":"BU4+teejYypwZlziSyP0pkHPwpKmIQbkesMFRPRYofUV","preKeyId":954}},"Bd8edQkujAkVhefFRAtwzvvS59oMC3CxXQW8gFcKCa1n":{"registrationId":1420,"currentRatchet":{"ephemeralKeyPair":{"pubKey":"BTNHub2CyGUSvjk3/pCtmorO9/lO2BmGP8sfO36UgJVt","privKey":"EKYW0GUjC/DOZ6zY9xCaFCd5Vg4uCquYIHcBI0cVtEg="},"lastRemoteEphemeralKey":"BdMU5k0SkQyX1ZGxceIovQHxO9VziDqNwuyDwYZIzGlo","previousCounter":0,"rootKey":"meGLxj0svhscU6TOj5e3MhnkcsjowQzGzpJ5CRrSbNs="},"indexInfo":{"baseKey":"Bd8edQkujAkVhefFRAtwzvvS59oMC3CxXQW8gFcKCa1n","baseKeyType":1,"closed":1769249363969,"used":1769249350197,"created":1769249350197,"remoteIdentityKey":"BZck6oMHKl+hG85kKre6fUQ3HjLDO1YIjgpwklu3U8kI"},"_chains":{"BTNHub2CyGUSvjk3/pCtmorO9/lO2BmGP8sfO36UgJVt":{"chainKey":{"counter":1,"key":"SrQ7K8Fdig9UMQVHELnQ+VENHQdQRaFBGZb49djYWi8="},"chainType":1,"messageKeys":{}}},"pendingPreKey":{"signedKeyId":1,"baseKey":"Bd8edQkujAkVhefFRAtwzvvS59oMC3CxXQW8gFcKCa1n","preKeyId":1458}},"BbUgJD2aHzJlGolXGsUep2PpFkeWLZsqQ/Uxp8pOyGw8":{"registrationId":1420,"currentRatchet":{"ephemeralKeyPair":{"pubKey":"BWlIGbg6w/a9OkfsF78cjiqMVHHZrFMJS35eT7StjKkq","privKey":"4NGn3/4QYUC+cYZ46gqNSQ/2aJJYVPMvwXg8VYf49Uc="},"lastRemoteEphemeralKey":"BdMU5k0SkQyX1ZGxceIovQHxO9VziDqNwuyDwYZIzGlo","previousCounter":0,"rootKey":"jkuBQkYcAYjHVE1HIuY5AaEmwbwpHw88Zz4uK8iUmzk="},"indexInfo":{"baseKey":"BbUgJD2aHzJlGolXGsUep2PpFkeWLZsqQ/Uxp8pOyGw8","baseKeyType":1,"closed":1769249428131,"used":1769249363968,"created":1769249363968,"remoteIdentityKey":"BZck6oMHKl+hG85kKre6fUQ3HjLDO1YIjgpwklu3U8kI"},"_chains":{"BWlIGbg6w/a9OkfsF78cjiqMVHHZrFMJS35eT7StjKkq":{"chainKey":{"counter":1,"key":"KoEueU+w+beNnJbhddcMzO+CVJn3rlawMQGMmvSgVnA="},"chainType":1,"messageKeys":{}}},"pendingPreKey":{"signedKeyId":1,"baseKey":"BbUgJD2aHzJlGolXGsUep2PpFkeWLZsqQ/Uxp8pOyGw8","preKeyId":820}},"BRoX3wCSLcTuLH34hCWC4wQMDIaZtZ06hbau/BVuvU5O":{"registrationId":1420,"currentRatchet":{"ephemeralKeyPair":{"pubKey":"BbzOlU5xb7/yWpCG+0Aij4JXmgqlTF0p5aTwji+VHdwH","privKey":"yPHE+L8kbRiJ8h3hM8LvQgqGgvjDf7YqmTMvVPxp4k8="},"lastRemoteEphemeralKey":"BdMU5k0SkQyX1ZGxceIovQHxO9VziDqNwuyDwYZIzGlo","previousCounter":0,"rootKey":"9QMOBDHiW0XwiKCy5uDzsjSsEaMIXHNxok7ccy5OrRA="},"indexInfo":{"baseKey":"BRoX3wCSLcTuLH34hCWC4wQMDIaZtZ06hbau/BVuvU5O","baseKeyType":1,"closed":1769249429302,"used":1769249428130,"created":1769249428130,"remoteIdentityKey":"BZck6oMHKl+hG85kKre6fUQ3HjLDO1YIjgpwklu3U8kI"},"_chains":{"BbzOlU5xb7/yWpCG+0Aij4JXmgqlTF0p5aTwji+VHdwH":{"chainKey":{"counter":1,"key":"DiiBT/aLrKfIz/+yuW8EvRKguIMnvz3syGS3lJzArgI="},"chainType":1,"messageKeys":{}}},"pendingPreKey":{"signedKeyId":1,"baseKey":"BRoX3wCSLcTuLH34hCWC4wQMDIaZtZ06hbau/BVuvU5O","preKeyId":1549}},"BXq6ZtHVMQOtsnBrY02WwEMGoGNdX0oZ0EvIK9O1clMg":{"registrationId":1420,"currentRatchet":{"ephemeralKeyPair":{"pubKey":"BQeaNMev2sOV+K2ohGfmOAFHNxLOnsSkJBWACOLmv7QM","privKey":"8GusPyhMFsvQgqvQBurA/JtbRAKPmfbNFzF3ArPmI1w="},"lastRemoteEphemeralKey":"BdMU5k0SkQyX1ZGxceIovQHxO9VziDqNwuyDwYZIzGlo","previousCounter":0,"rootKey":"bcvEpea9uqZgRB9T5fet7YsuGJdMStaeM8eF56BD7Gg="},"indexInfo":{"baseKey":"BXq6ZtHVMQOtsnBrY02WwEMGoGNdX0oZ0EvIK9O1clMg","baseKeyType":1,"closed":1769249430036,"used":1769249429302,"created":1769249429302,"remoteIdentityKey":"BZck6oMHKl+hG85kKre6fUQ3HjLDO1YIjgpwklu3U8kI"},"_chains":{"BQeaNMev2sOV+K2ohGfmOAFHNxLOnsSkJBWACOLmv7QM":{"chainKey":{"counter":1,"key":"ePD4Sqtpvijs5WJKvFUIY68DlxIkCaAL6IlR+7FacVM="},"chainType":1,"messageKeys":{}}},"pendingPreKey":{"signedKeyId":1,"baseKey":"BXq6ZtHVMQOtsnBrY02WwEMGoGNdX0oZ0EvIK9O1clMg","preKeyId":1588}},"BWyTWgdyTMVYayJZxQf5bqnl9SSOALvirrScEDZCfshS":{"registrationId":1420,"currentRatchet":{"ephemeralKeyPair":{"pubKey":"BS50caXwXN9e0Hs6SYIKeiijdtTdbFQH89APlrzjVj8o","privKey":"APfcGbBuZz8DarH1szsKUzPBBKdypxd6QgMphpWwhUc="},"lastRemoteEphemeralKey":"BdMU5k0SkQyX1ZGxceIovQHxO9VziDqNwuyDwYZIzGlo","previousCounter":0,"rootKey":"NHBdZexnezQNyB8TZKMv9mlWHRUb0e/OkFDteeJqtrY="},"indexInfo":{"baseKey":"BWyTWgdyTMVYayJZxQf5bqnl9SSOALvirrScEDZCfshS","baseKeyType":1,"closed":1769249430738,"used":1769249430036,"created":1769249430036,"remoteIdentityKey":"BZck6oMHKl+hG85kKre6fUQ3HjLDO1YIjgpwklu3U8kI"},"_chains":{"BS50caXwXN9e0Hs6SYIKeiijdtTdbFQH89APlrzjVj8o":{"chainKey":{"counter":1,"key":"K1ZQttO8FkUcdUb/UpyXgqgB5aW+siKuXMe+4UM1rVU="},"chainType":1,"messageKeys":{}}},"pendingPreKey":{"signedKeyId":1,"baseKey":"BWyTWgdyTMVYayJZxQf5bqnl9SSOALvirrScEDZCfshS","preKeyId":977}},"BQHTj7CJ+CNcNytkquI3SXvpSNll1IjbH3glY/dk6f9W":{"registrationId":1420,"currentRatchet":{"ephemeralKeyPair":{"pubKey":"BbUT52wKGN+VbHaB+VHNWezX1UaBnDl2It4QbEUKK1ZJ","privKey":"KCvezg/awwbNfVJZLIiiVVxwg9KI3YkgMAF8GpkMkXU="},"lastRemoteEphemeralKey":"BdMU5k0SkQyX1ZGxceIovQHxO9VziDqNwuyDwYZIzGlo","previousCounter":0,"rootKey":"qBe2hyhoIAjW4Q5eYU4uIx0f2Jumt3dbIw/RVfNjz+0="},"indexInfo":{"baseKey":"BQHTj7CJ+CNcNytkquI3SXvpSNll1IjbH3glY/dk6f9W","baseKeyType":1,"closed":1769249432000,"used":1769249430738,"created":1769249430738,"remoteIdentityKey":"BZck6oMHKl+hG85kKre6fUQ3HjLDO1YIjgpwklu3U8kI"},"_chains":{"BbUT52wKGN+VbHaB+VHNWezX1UaBnDl2It4QbEUKK1ZJ":{"chainKey":{"counter":1,"key":"/UcNhDIC6dOL7wy6Y91mdZ8wiFADai8biQXi2uTEH7c="},"chainType":1,"messageKeys":{}}},"pendingPreKey":{"signedKeyId":1,"baseKey":"BQHTj7CJ+CNcNytkquI3SXvpSNll1IjbH3glY/dk6f9W","preKeyId":1563}},"BTW4dcH7liL2RVQr+WODk2IgfJJbLiDsbRHYR0xCdcdX":{"registrationId":1420,"currentRatchet":{"ephemeralKeyPair":{"pubKey":"BRQRuEP1ATVfdeoIffjHJck8ep3v40wB4KGopMiKXDgQ","privKey":"6BCBFB/aC3z+jWYCPDSoMm0ZSQexJR4mfEoDybgfxXI="},"lastRemoteEphemeralKey":"BdMU5k0SkQyX1ZGxceIovQHxO9VziDqNwuyDwYZIzGlo","previousCounter":0,"rootKey":"syTqn1sn92VIebVAsLKCVj5D8ns4zH5ReyuOdLNcHCc="},"indexInfo":{"baseKey":"BTW4dcH7liL2RVQr+WODk2IgfJJbLiDsbRHYR0xCdcdX","baseKeyType":1,"closed":1769249433671,"used":1769249431999,"created":1769249431999,"remoteIdentityKey":"BZck6oMHKl+hG85kKre6fUQ3HjLDO1YIjgpwklu3U8kI"},"_chains":{"BRQRuEP1ATVfdeoIffjHJck8ep3v40wB4KGopMiKXDgQ":{"chainKey":{"counter":1,"key":"WfT6G05KqH+6Da+ATHmlA+p2BAEgraQJ7SEjjqQxAEE="},"chainType":1,"messageKeys":{}}},"pendingPreKey":{"signedKeyId":1,"baseKey":"BTW4dcH7liL2RVQr+WODk2IgfJJbLiDsbRHYR0xCdcdX","preKeyId":932}},"BZ/mlh5+6aLdzj8JRkKZIQ/63rnaE3lpKBbBnCvGI7Fg":{"registrationId":1420,"currentRatchet":{"ephemeralKeyPair":{"pubKey":"BUekuJo4hY3YMAyTSYoGLlRcae+4+hXyLMRh/GePz4Qb","privKey":"wM/KAK3wdOu2oOdFOfaFZnG2im4O9EGDCXmbqRhOC1o="},"lastRemoteEphemeralKey":"BdMU5k0SkQyX1ZGxceIovQHxO9VziDqNwuyDwYZIzGlo","previousCounter":0,"rootKey":"PRKe94ztFiFjV01FxTb4Obd25LZyvm/VkLSDqUF7ZJM="},"indexInfo":{"baseKey":"BZ/mlh5+6aLdzj8JRkKZIQ/63rnaE3lpKBbBnCvGI7Fg","baseKeyType":1,"closed":1769249434070,"used":1769249433669,"created":1769249433669,"remoteIdentityKey":"BZck6oMHKl+hG85kKre6fUQ3HjLDO1YIjgpwklu3U8kI"},"_chains":{"BUekuJo4hY3YMAyTSYoGLlRcae+4+hXyLMRh/GePz4Qb":{"chainKey":{"counter":1,"key":"DasQuuRDOPICBAoB5KPij3dW+m/d4TDIrem7tRWM9Rk="},"chainType":1,"messageKeys":{}}},"pendingPreKey":{"signedKeyId":1,"baseKey":"BZ/mlh5+6aLdzj8JRkKZIQ/63rnaE3lpKBbBnCvGI7Fg","preKeyId":1477}},"BWP2r5RCAGOL3Nk9KZcKZ1ri/SDIXyjTmEssBsrauWMC":{"registrationId":1420,"currentRatchet":{"ephemeralKeyPair":{"pubKey":"Bcrhp74mjIqGq51MmstINdgZ7P7bRX030mTYHtBpgXU9","privKey":"yKIRGFb5/c3yzFebfPbzuMNHwS/lZ+ihdo6Lf8vtRVg="},"lastRemoteEphemeralKey":"BdMU5k0SkQyX1ZGxceIovQHxO9VziDqNwuyDwYZIzGlo","previousCounter":0,"rootKey":"/GfzbkRSZbQGEKEU39xajmrA/fnu9WDaB/vD2j1+OTc="},"indexInfo":{"baseKey":"BWP2r5RCAGOL3Nk9KZcKZ1ri/SDIXyjTmEssBsrauWMC","baseKeyType":1,"closed":-1,"used":1769249434069,"created":1769249434069,"remoteIdentityKey":"BZck6oMHKl+hG85kKre6fUQ3HjLDO1YIjgpwklu3U8kI"},"_chains":{"Bcrhp74mjIqGq51MmstINdgZ7P7bRX030mTYHtBpgXU9":{"chainKey":{"counter":99,"key":"MzUBfiB+pTVzwll2DF4+2DLtV9qJLiahw5GMPueZXlY="},"chainType":1,"messageKeys":{}}},"pendingPreKey":{"signedKeyId":1,"baseKey":"BWP2r5RCAGOL3Nk9KZcKZ1ri/SDIXyjTmEssBsrauWMC","preKeyId":849}}},"version":"v1"},"54976235708460_1.40":{"_sessions":{"BYW0pqzoYU5Z80otS6WXLC6R5fe4aMjPErhX8C0jje5g":{"registrationId":3,"currentRatchet":{"ephemeralKeyPair":{"pubKey":"BfFNX4qVZF6jblpXbOsAs0S/brFxkiFWqu67Ov1UdtRi","privKey":"ELVhfei4s0IlXpgYssvc6wVAULTKeynfERvfrwg+8ks="},"lastRemoteEphemeralKey":"BZiy45c0WVA7f8Xf6tOcXGg3cMV3PzqE8GcwgAp5SBhP","previousCounter":0,"rootKey":"vK3ZpKb9WIJr0TnFvK0tPwedjRlmjo4ezHmTJ0nvSAg="},"indexInfo":{"baseKey":"BYW0pqzoYU5Z80otS6WXLC6R5fe4aMjPErhX8C0jje5g","baseKeyType":1,"closed":-1,"used":1769250360300,"created":1769250360300,"remoteIdentityKey":"BXxz0xwVQzuJB7EuGBViNQnoAIj+KXaNQb3jKDMmPgUm"},"_chains":{"BfFNX4qVZF6jblpXbOsAs0S/brFxkiFWqu67Ov1UdtRi":{"chainKey":{"counter":53,"key":"muk6FWsNiq5PqVa/S31BycU9lot1pIYpyWcfhx7v2+U="},"chainType":1,"messageKeys":{}}},"pendingPreKey":{"signedKeyId":1,"baseKey":"BYW0pqzoYU5Z80otS6WXLC6R5fe4aMjPErhX8C0jje5g","preKeyId":30}}},"version":"v1"}}